				91.79%									
Date	Tier	Finish Wave	Max Wave	Percentage	Earned Coins	Ad Coins	Total Coins (B)	Time (minutes)	Minutes/Billion	Event Kills	Progress	Kills/Game	Games Left
													
2025-04-07	8	2971	4060	73.18%	2.44	1.22	3.66	266.25	72.7				
2025-04-07	9	2627	3304	79.51%	2.08	1.04	3.12	235.63	75.5				
2025-04-07	10	2417	2622	92.18%	2.52	1.26	3.78	215.93	57.1				
2025-04-07	11	1071	1157	92.57%	0.696	0.348	1.044	92.47	88.6				
2025-04-07	12	323	270	119.63%	0.131	0.065	0.196	30	153.1				
2025-04-07	13	118	102	115.69%	0.013	0.006	0.019	3.62	190.4				
2025-04-08	5	4664	6378	73.13%	3.33	1.66	4.99	423.12	84.8				
2025-04-08	6	5196	5156	100.78%	5.2	2.6	7.8	471.42	60.4				
2025-04-08	7	4081	4839	84.34%	4.66	2.33	6.99	368.30	52.7				
2025-04-08	-8	803	#N/A		??	??		??					
2025-04-09	10	2206	2622	84.13%	2.19	1.11	3.3	196.47	59.5				
2025-04-09	10	2267	2622	86.46%	1.83	0.915	2.745	202.08	73.6				
2025-04-09	10	2093	2622	79.82%	2.72	1.36	4.08	185.72	45.5				
2025-04-09	11	1126	1157	97.32%	0.855	0.427	1.282	97.73	76.2				
2025-04-10	9	3132	3304	94.79%	3.61	1.81	5.42	281.15	51.9				
2025-04-10	9	2469	3304	74.73%	2.72	1.36	4.08	221.03	54.2				
2025-04-10	10	2143	2622	81.73%	2.17	1.08	3.25	191.23	58.8				
2025-04-10	10	2531	2622	96.53%	3.31	1.66	4.97	227.05	45.7				
2025-04-10	10	2487	2622	94.85%	2.81	1.4	4.21	223.05	53.0				
2025-04-11	10	2193	2622	83.64%	2.02	1.01	3.03	194.17	64.1				
2025-04-11	11	1139	1157	98.44%	0.958	0.478	1.436	99.05	69.0				
2025-04-11	9	3316	3304	100.36%	4.24	2.12	6.36	299.02	47.0				
2025-04-11	9	2787	3316	84.05%	3.99	1.99	5.98	250.03	41.8				
2025-04-12	-8	776	#N/A		0.494	0.247	0.741	??					
2025-04-12	10	2383	2622	90.88%	2.32	1.16	3.48	212.98	61.2				
weekend in OBX													
2025-04-14	10	2673	2622	101.95%	4.65	2.32	6.97	239.03	34.3				
2025-04-15	9	2797	3316	84.35%	2.8	1.4	4.2	251.65	59.9				
2025-04-15	10	2259	2673	84.51%	1.68	0.837	2.517	200.37	79.6				
2025-04-15	8	4230	4060	104.19%	4.91	2.46	7.37						
2025-04-15	-8	757	#N/A		0.409	0.204	0.613	63.73	104.0				
2025-04-16	8	3018	4230	71.35%	5.6	2.8	8.4	271.57	32.3				
2025-04-16	8	3679	4230	86.97%	3.95	1.97	5.92	332.32	56.1				
2025-04-16	8	3299	4230	77.99%	4.62	2.31	6.93	297.72	43.0				
2025-04-17	8		4230		4.96	2.48	7.44	364.28	49.0				
2025-04-17	9	3637	3316	109.68%	3.65	1.82	5.47	329.00	60.1				
2025-04-17	10	2479	2673	92.74%	3.56	1.78	5.34	221.70	41.5				
2025-04-17	11	1070	1157	92.48%	0.687	0.343	1.03	92.62	89.9				
2025-04-18	12	362	323	112.07%	0.184	0.092	0.276	27.62	100.1				
2025-04-18	13	123	118	104.24%			0		#N/A				
2025-04-18	13	141	123	114.63%	0.0244	0.0122	0.0366	5.52	150.7				
2025-04-18	14	50	55	90.91%	0	0	0	0.80	#N/A				
2025-04-18	8	3653	4230	86.36%	4.4	2.2	6.6	329.92	50.0				
2025-04-18	10	2539	2673	94.99%	2.78	1.39	4.17	226.60	54.3				
2025-04-18	10	1843	2673	68.95%	1.76	0.881	2.641	163.62	62.0				
2025-04-18	-11	246	#N/A		0.082	0.041	0.123	15.47	125.7				
2025-04-19	8	3376	4230	79.81%	3.94	1.97	5.91	304.18	51.5				
2025-04-19	8	3552	4230	83.97%	3.77	1.88	5.65	319.27	56.5				
2025-04-20	8	3088	4230	73.00%	2.94	1.47	4.41	277.85	63.0				
2025-04-20	8	3998	4230	94.52%	4.17	2.08	6.25	361.73	57.9				
2025-04-20	8	3847	4230	90.95%	3.37	1.68	5.05	288.40	57.1				
2025-04-20	11	1145	1157	98.96%	0.886	0.442	1.328	99.83	75.2				
2025-04-21	8	2918	4230	68.98%	3.75	1.88	5.63	262.37	46.6				
2025-04-21	8	3713	4230	87.78%	3.89	1.94	5.83	334.40	57.4				
2025-04-21	8	3030	4230	71.63%	4.73	2.37	7.1	271.80	38.3				
2025-04-21	13	148	141	104.96%	0.023	0.011	0.034	7.20	211.8				
2025-04-21	11	1168	1157	100.95%	0.862	0.431	1.293	101.37	78.4				
2025-04-22	9	3048	3637	83.81%	3.7	1.85	5.55	274.12	49.4				
2025-04-22	9	3029	3637	83.28%	2.05	1.03	3.08	271.88	88.3				
2025-04-22	11	1082	1168	92.64%	0.709	0.354	1.063	93.57	88.0				
2025-04-22	-8	743			0.341	0.17	0.511	63.52	124.3				
2025-04-23	13	162	148	109.46%	0.02657	0.01329	0.03986	7.60	190.7				
2025-04-23	13	140	162	86.42%	0.02693	0.01346	0.04039	6.10	151.0				
2025-04-23	11	1365	1157	117.98%	1.28	0.63854	1.91854	120.20	62.7				
2025-04-23	11	1158	1365	84.84%	0.8832	0.44153	1.32473	101.27	76.4				
2025-04-23	11	1166	1365	85.42%	0.808	0.404	1.212	101.60	83.8				
2025-04-23	11	1217	1365	89.16%	0.764	0.382	1.146	106.22	92.7				
2025-04-23	11	1098	1365	80.44%	0.8755	0.43769	1.31319	94.90	72.3				
2025-04-24	8	3869	4230	91.47%	4.19	2.1	6.29	350.30	55.7				
2025-04-24	9	2799	3637	76.96%	2.08	1.04	3.12	250.45	80.3				
2025-04-25	7	4306	4839	88.99%	4.42	2.21	6.63	389.10	58.7				
2025-04-25	9	2769	3637	76.13%	2.26	1.13	3.39	247.65	73.1				
2025-04-26	-8	695			0.522	0.261	0.783	59.23	75.6				
2025-04-26	9	2966	3637	81.55%	3.39	1.7	5.09	267.50	52.6				
2025-04-26	9	3441	3637	94.61%	3.31	1.65	4.96	310.07	62.5				
2025-04-26	11	1217	1365	89.16%	0.8799	0.4399	1.3198	106.22	80.5				
2025-04-27	7	4006	4839	82.79%	3.28	1.64	4.92	361.42	73.5				
2025-04-27	11	1200	1365	87.91%	0.905	0.452	1.357	104.25	76.8				
2025-04-27	10	2237	2673	83.69%	2.41	1.21	3.62	199.32	55.1				
2025-04-27	10	2005	2673	75.01%	1.45	0.724	2.174	178.78	82.2				
2025-04-27	10	2469	2673	92.37%	2.69	1.34	4.03	222.92	55.3				
2025-04-28	10	2104	2673	78.71%	1.52	0.76	2.28	187.90	82.4				
2025-04-28	10	2210	2673	82.68%	2.03	1.02	3.05	197.58	64.8				
2025-04-28	10	2156	2673	80.66%	2.42	1.21	3.63	191.80	52.8				
2025-04-28	11	1152	1365	84.40%	1.01	0.506	1.516	99.85	65.9				
2025-04-29	11	1145	1365	83.88%	0.886	0.443	1.329	99.33	74.7				
2025-04-29	11	1051	1365	77.00%	0.695	0.347	1.042	90.43	86.8				
2025-04-29	11	1191	1365	87.25%	0.994	0.497	1.491	104.25	69.9				
2025-04-29	10	2644	2673	98.92%	3.11	1.56	4.67	236.45	50.6				
2025-04-29	-6	842			0.537	0.268	0.805	73.20	90.9				
2025-04-29	10	2072	2673	77.52%	1.79	0.896	2.686	184.48	68.7				
2025-04-30	10	2199	2673	82.27%	2.17	1.08	3.25	195.58	60.2				
2025-04-30	10	2397	2673	89.67%	1.95	0.976	2.926	214.67	73.4				
2025-04-30	9	2895	3637	79.60%	5.23	2.62	7.85	260.58	33.2				
2025-05-01	9	3261	3637	89.66%	3.02	1.51	4.53	293.17	64.7				
2025-05-01	9	3265	3637	89.77%	3.64	1.82	5.46	293.83	53.8				
2025-05-01	9	3017	3637	82.95%	3.73	1.87	5.6	269.72	48.2				
2025-05-02	8	3508	4230	82.93%	2.55	1.28	3.83	315.17	82.3				
2025-05-05	8	4011	4230	94.82%	4.43	2.21	6.64	361.87	54.5				
2025-05-05	9	3397	3637	93.40%	3.82	1.91	5.73	306.30	53.5				
2025-05-06	10	2293	2673	85.78%	1.56	0.77915	2.33915	204.27	87.3				
2025-05-06	-8	809			0.56056	0.28024	0.8408	70.47	83.8				
2025-05-06	11	1219	1365	89.30%	0.8274	0.41364	1.24104	106.72	86.0				
2025-05-07	8	3649	4230	86.26%	3.95	1.98	5.93	328.60	55.4				
2025-05-07	10	2336	2673	87.39%	2.19	1.1	3.29	208.73	63.4				
2025-05-07	10	2665	2673	99.70%	3.23	1.61	4.84	239.87	49.6				
2025-05-07	10	2460	2673	92.03%	2.67	1.34	4.01	219.45	54.7				
2025-05-07	10	2594	2673	97.04%	3.03	1.52	4.55	230.83	50.7				
2025-05-08	10	2278	2673	85.22%	4.48	2.24	6.72	203.35	30.3				
2025-05-08	10	2520	2673	94.28%	3.64	1.82	5.46	225.42	41.3				
2025-05-08	10	2503	2673	93.64%	3.48	1.74	5.22	223.93	42.9				
2025-05-08	10	2545	2673	95.21%	3.73	1.87	5.6	228.03	40.7				
2025-05-09	7	4314	4839	89.15%	4.49	2.25	6.74	381.02	56.5				
2025-05-09	10	2747	2673	102.77%	2.45	1.23	3.68	246.65	67.0				
2025-05-09	11	1272	1365	93.19%	0.909	0.454	1.363	111.00	81.4				
2025-05-09	-8	773											
2025-05-10	7	4032	4839	83.32%	4.33	2.16	6.49	364.82	56.2				
2025-05-11	11	1462	1365	107.11%	1.4	0.70115	2.10115	128.92	61.4				
2025-05-11	9	2687	3637	73.88%	2.53	1.26	3.79	241.95	63.8				
2025-05-11	11	1584	1462	108.34%	1.55	0.77259	2.32259	139.62	60.1				
2025-05-12	7	3717	4839	76.81%	5.55	2.77	8.32	354.30	42.6				
2025-05-12	10	2365	2747	86.09%	2.63	1.31	3.94	211.15	53.6				
2025-05-12	10	2780	2747	101.20%	3.33	1.66	4.99	250.10	50.1				
2025-05-12	9	2991	3637	82.24%	3.44	1.72	5.16	267.93	51.9				
2025-05-13	12	348	362	96.13%	0.157	0.07866	0.23566	25.78	109.4				
2025-05-13	10	2941	2747	107.06%	3.41	1.71	5.12	263.30	51.4				
2025-05-13	10	2765	2941	94.02%	3.16	1.58	4.74	246.62	52.0				
2025-05-13	11	1358	1584	85.73%	1.29	0.64284	1.93284	109.47	56.6				
2025-05-13	-8	872			0.59977	0.29984	0.89961	76.85	85.4				
2025-05-14	7	4455	4839	92.06%	4.56	2.28	6.84	401.92	58.8				
2025-05-14	8	3978	4230	94.04%	5.11	2.55	7.66	360.40	47.0				
2025-05-14	8	3939	4230	93.12%	4.34	2.17	6.51	355.67	54.6				
2025-05-15	8	3938	4230	93.10%	4.59	2.3	6.89	294.65	42.8				
2025-05-15	10	3148	2941	107.04%	4.14	2.07	6.21	283.60	45.7				
2025-05-15	11	1306	1584	82.45%	0.98968	0.49477	1.48445	114.73	77.3				
2025-05-16	10	2341	3148	74.36%	2.41	1.21	3.62	209.57	57.9				
2025-05-16	10	2762	3148	87.74%	4	2	6	247.62	41.3				
2025-05-16	10	2603	3148	82.69%	4.01	2	6.01	233.83	38.9				
2025-05-16	11	1301	1584	82.13%	0.99656	0.49821	1.49477	113.70	76.1				
2025-05-16	-8	821			0.44527	0.2226	0.66787						
2025-05-17	7	4586	4839	94.77%	5.54	2.97	8.51	414.73	48.7				
2025-05-17	10	2431	3148	77.22%	2.48	1.24	3.72	216.83	58.3				
2025-05-17	8	3878	4230	91.68%	5.48	2.74	8.22	351.72	42.8				
2025-05-18	8	4984	4230	117.83%	8.88	4.44	13.32	452.80	34.0				
2025-05-18	9	3378	3637	92.88%	3.55	1.78	5.33	304.18	57.1				
2025-05-18	10	2268	3148	72.05%	2.47	1.23	3.7	202.95	54.9				
2025-05-18	10	2554	3148	81.13%	2.5	1.25	3.75	228.95	61.1				
2025-05-19	10	2580	3148	81.96%	2.66	1.33	3.99	230.50	57.8				
2025-05-19	10	2721	3148	86.44%	3.62	1.81	5.43	243.10	44.8				
2025-05-19	10	2547	3148	80.91%	2.49	1.25	3.74	226.42	60.5				
2025-05-19	11	1477	1584	93.24%	1.45	0.72442	2.17442	130.22	59.9				
2025-05-20	11	1319	1584	83.27%	1.06	0.53172	1.59172	115.27	72.4				
2025-05-21	11	1327	1584	83.78%	1.07	0.53406	1.60406	116.20	72.4				
2025-05-21	10	2414	3148	76.68%	2.86	1.43	4.29	213.92	49.9				
2025-05-21	10	2928	3148	93.01%	3.25	1.63	4.88	262.22	53.7				
2025-05-21	10	2336	3148	74.21%	2.21	1.1	3.31	208.87	63.1				
2025-05-21	10	3050	3148	96.89%	3.28	1.64	4.92	274.43	55.8				
2025-05-22	7	4424	4839	91.42%	4.97	2.49	7.46	400.57	53.7				
2025-05-22	10	2428	3148	77.13%	2.07	1.04	3.11	217.55	70.0				
2025-05-22	10	2556	3148	81.19%	3.3	1.65	4.95	226.63	45.8				
2025-05-22	12	453	362	125.14%	0.26251	0.13123	0.39374	35.58	90.4	3500			
2025-05-22	11	1383	1584	87.31%	1.24	0.61855	1.85855	121.30	65.3	3500			
2025-05-23	10	2623	3148	83.32%	3.09	1.55	4.64	234.75	50.6	3970			
2025-05-23	12	398	453	87.86%	0.22851	0.11424	0.34275	30.82	89.9	3970			
2025-05-23	12	410	453	90.51%	0.21908	0.10952	0.3286	31.83	96.9	3970			
2025-05-23	12	372	453	82.12%	0.19014	0.09506	0.2852	28.38	99.5	3970			
2025-05-23	12	416	453	91.83%	0.21509	0.10753	0.32262	32.92	102.0	3970			
2025-05-23	9	3098	3637	85.18%	5.88	2.94	8.82	277.80	31.5				
2025-05-24	7	5613	4839	116.00%	6.9	3.45	10.35	391.72	37.8	5670			
2025-05-25	6	4835	1584	305.24%	6.69	3.35	10.04	438.80	43.7	5670			
2025-05-25	11	1313	1584	82.89%	1.12	0.55832	1.67832	114.68	68.3	6030			
2025-05-25	11	1464	1584	92.42%	1.29	0.6428	1.9328	129.28	66.9	6030			
2025-05-25	11	1236	1584	78.03%	1.07	0.53706	1.60706	107.92	67.2				
2025-05-25	11	1319	1584	83.27%	1.35	0.67636	2.02636	115.57	57.0	6430			
2025-05-26	7	3859	5613	68.75%	3.39	1.7	5.09	287.95	56.6				
2025-05-27	11	1338	1584	84.47%	1.05	0.52716	1.57716	117.65	74.6				
2025-05-27	9	3436	3637	94.47%	3.91	1.96	5.87	308.75	52.6				
2025-05-27	-8	828			0.62758	0.31375	0.94133	73.45	78.0				
2025-05-28	9	3616	3637	99.42%	4.93	2.46	7.39	325.88	44.1				
2025-05-28	9	3258	3637	89.58%	3.17	1.58	4.75	293.52	61.8				
2025-05-28	9	3592	3637	98.76%	5.49	2.74	8.23	324.55	39.4				
2025-05-29	7	4340	5613	77.32%	4.6	2.3	6.9	394.10	57.1				
2025-05-29	9	3628	3637	99.75%	4.71	2.36	7.07	326.02	46.1				
2025-05-29	9	3118	3637	85.73%	3.11	1.55	4.66	279.32	59.9				
2025-05-29	9	3360	3637	92.38%	4.01	2	6.01	301.43	50.2				
2025-05-29	11	1278	1584	80.68%	1.12	0.55932	1.67932	111.57	66.4				
2025-05-30	9	3087	3637	84.88%	2.87	1.43	4.3	277.53	64.5				
2025-05-30	9	3240	3637	89.08%	3.2	1.6	4.8	290.75	60.6				
2025-05-30	9	3519	3637	96.76%	3.85	1.93	5.78	317.40	54.9				
2025-05-30	-9	302			0.1359	0.06794	0.20384	20.92	102.6				
2025-05-31	11	1288	1584	81.31%	0.9267	0.46328	1.38998	111.90	80.5				
2025-06-01	10	2389	3148	75.89%	2.5	1.25	3.75	213.03	56.8				
2025-06-01	10	2305	3148	73.22%	2.54	1.27	3.81	205.38	53.9				
2025-06-01	10	2410	3148	76.56%	3.74	1.87	5.61	216.05	38.5				
2025-06-02	10	2718	3148	86.34%	3.73	1.86	5.59	243.10	43.5				
2025-06-02	10	3181	3148	101.05%	2.32	1.16	3.48	285.57	82.1				
2025-06-02	10	2632	3181	82.74%	3.07	1.54	4.61	236.63	51.3				
2025-06-03	12	436	453	96.25%	0.32746	0.16371	0.49117	34.35	69.9				
2025-06-03	11	1464	1584	92.42%	1.45	0.72464	2.17464	188.63	86.7				
2025-06-03	10	2597	3181	81.64%	2.64	1.32	3.96	232.73	58.8				
2025-06-03	10	2644	3181	83.12%	3.18	1.59	4.77	237.15	49.7				
2025-06-04	10	2820	3181	88.65%	3.2	1.6	4.8	253.33	52.8				
2025-06-04	10	2739	3181	86.10%	3.13	1.56	4.69	246.12	52.5				
2025-06-04	9	3508	3637	96.45%	4.8	2.4	7.2	316.30	43.9				
2025-06-05	10	3105	3181	97.61%	4.87	2.43	7.3	278.73	38.2				
2025-06-05	9	3183	3637	87.52%	3.85	1.92	5.77	304.65	52.8				
2025-06-06	6	5863	6135	95.57%	6.75	3.37	10.12	534.23	52.8				
2025-06-06	10	2785	3181	87.55%	3.95	1.97	5.92	250.53	42.3				
2025-06-06	10	2934	3181	92.24%	4.13	2.07	6.2	262.80	42.4				
2025-06-06	10	2694	3181	84.69%	4.12	2.06	6.18	240.70	38.9				
2025-06-06	-8	808			0.74709	0.37349	1.12058	70.38	62.8				
2025-06-07	6	4780	6135	77.91%	5.17	2.59	7.76	431.60	55.6				
2025-06-07	10	2583	3181	81.20%	6.46	3.23	9.69	231.05	23.8				
2025-06-07	10	2756	3181	86.64%	3.99	1.99	5.98	247.68	41.4				
2025-06-07	10	2860	3181	89.91%	4.34	2.17	6.51	257.63	39.6				
2025-06-08	3	7310	6700	109.10%	6.28	3.14	9.42	666.00	70.7				
2025-06-08	9	3487	3637	95.88%	3.33	1.67	5	314.02	62.8				
2025-06-08	11	1443	1584	91.10%	1.43	0.71679	2.14679	127.20	59.3				
2025-06-09	7	4568	5613	81.38%	5.53	2.77	8.3	413.43	49.8				
2025-06-09	10	3022	3181	95.00%	4.08	2.04	6.12	271.90	44.4				
2025-06-09	10	2599	3181	81.70%	2.83	1.41	4.24	231.75	54.7				
2025-06-09	10	2382	3181	74.88%	3.22	1.61	4.83	212.50	44.0				
2025-06-10	10	2418	3181	76.01%	3.02	1.51	4.53	215.47	47.6				
2025-06-10	10	2521	3181	79.25%	3.45	1.72	5.17	225.27	43.6				
2025-06-10	10	2818	3181	88.59%	3.78	1.89	5.67	253.40	44.7				
2025-06-11	6	6135	6135	100.00%	6.28	3.14	9.42	558.37	59.3				
2025-06-11	-11	366			0.19552	0.09775	0.29327	27.53	93.9				
2025-06-11	10	2647	3181	83.21%	3.51	1.75	5.26	236.82	45.0				
2025-06-11	10	2812	3181	88.40%	4.16	2.08	6.24	252.33	40.4				
2025-06-12	10	3096	3181	97.33%	4.44	2.22	6.66	278.65	41.8				
2025-06-12	10	2877	3181	90.44%	3.65	1.82	5.47	257.58	47.1				
2025-06-12	10	2744	3181	86.26%	2.84	1.42	4.26	244.60	57.4				
2025-06-12	10	3343	3181	105.09%	4.99	2.5	7.49	299.90	40.0				
2025-06-13	9	3580	3637	98.43%	6.43	3.21	9.64	324.07	33.6				
2025-06-13	9	3780	3637	103.93%	5.24	2.62	7.86	344.98	43.9				
2025-06-13	11	1536	1584	96.97%	1.51	0.75581	2.26581	135.25	59.7				
2025-06-14	8	4517	4984	90.63%	6.26	3.13	9.39	408.97	43.6				
2025-06-14	9	3179	3780	84.10%	3.6	1.8	5.4	709.38	131.4				
2025-06-14	10	3118	3343	93.27%	3.89	1.95	5.84	280.25	48.0				
2025-06-15	8	3922	4984	78.69%	4.18	2.09	6.27	355.15	56.6				
2025-06-15	11	1736	1584	109.60%	2.17	1.08	3.25	153.43	47.2				
2025-06-15	12	522	453	115.23%	0.35268	0.17631	0.52899	42.17	79.7				
2025-06-15	9	3194	3780	84.50%	4.44	2.22	6.66	288.78	43.4				
2025-06-15	13	172	162	106.17%	0.05424	0.02712	0.08136	9.98	122.7				
2025-06-15	14	77	55	140.00%	0.01728	0.00864	0.02592	3.57	137.6				
2025-06-15	11	1519	1584	95.90%	1.47	0.73334	2.20334	133.53	60.6				
2025-06-16	9	3138	3780	83.02%	3.62	1.81	5.43	281.68	51.9				
2025-06-16	9	3685	3780	97.49%	5.29	2.65	7.94	332.53	41.9				
2025-06-16	9	3229	3780	85.42%	3.49	1.74	5.23	290.55	55.6				
2025-06-16	10	3199	3343	95.69%	4.35	2.17	6.52	286.28	43.9				
2025-06-17	10	2718	3343	81.30%	3.83	1.92	5.75	243.53	42.4				
2025-06-17	10	2808	3343	84.00%	3.77	1.89	5.66	252.27	44.6				
2025-06-17	10	3047	3343	91.15%	3.49	1.75	5.24	274.12	52.3				
2025-06-17	-11	404			0.32278	0.16137	0.48415	30.67	63.3				
2025-06-18	10	2614	3343	78.19%	2.92	1.46	4.38	233.52	53.3				
2025-06-18	10	3079	3343	92.10%	3.06	1.53	4.59	277.32	60.4				
2025-06-18	10	2550	3343	76.28%	2.47	1.23	3.7	227.72	61.5				
2025-06-19	10	3295	3343	98.56%	4.99	2.5	7.49	296.22	39.5				
2025-06-19	11	1414	1736	81.45%	1.46	0.72779	2.18779	124.08	56.7				
2025-06-19	11	1579	1736	90.96%	1.6	0.79802	2.39802	139.00	58.0				
2025-06-19	10	2422	3343	72.45%	3.24	1.62	4.86	216.92	44.6				
2025-06-20	7	3955	5613	70.46%	4.21	2.11	6.32	296.07	46.8				
2025-06-20	10	2548	3343	76.22%	3.5	1.75	5.25	227.87	43.4				
2025-06-20	12	513	522	98.28%	0.47922	0.23958	0.7188	41.28	57.4				
2025-06-20	-8	936			0.63042	0.31517	0.94559	83.37	88.2				
2025-06-21	10	3159	3343	94.50%	4.27	2.13	6.4	285.23	44.6				
2025-06-21	9	3768	3780	99.68%	6.44	3.22	9.66	338.00	35.0				
2025-06-21	10	2478	3343	74.13%	2.73	1.36	4.09	221.50	54.2				
2025-06-22	8	3212	4984	64.45%	3.59	1.79	5.38	289.43	53.8				
2025-06-22	10	2788	3343	83.40%	4.97	2.48	7.45	259.28	34.8				
2025-06-23	9	3249	3780	85.95%	4.61	2.3	6.91	292.72	42.4				
2025-06-23	9	3178	3780	84.07%	4.51	2.25	6.76	284.85	42.1				
2025-06-23	9	3493	3780	92.41%	4.37	2.19	6.56	314.88	48.0				
2025-06-24	9	3157	3780	83.52%	7.24	3.62	10.86	284.05	26.2				
2025-06-24	9	3757	3780	99.39%	5.95	2.98	8.93	339.02	38.0				
2025-06-25	8	3652	4984	73.27%	4.67	2.34	7.01	329.50	47.0				
2025-06-25	-8	990			0.79964	0.39976	1.1994	87.70	73.1				
2025-06-25	9	3394	3780	89.79%	6.82	3.41	10.23	305.47	29.9				
2025-06-25	9	3417	3780	90.40%	4.07	2.04	6.11	306.32	50.1				
2025-06-26	10	2959	3343	88.51%	4.92	2.46	7.38	265.18	35.9				
2025-06-26	10	2574	3343	77.00%	3.39	1.69	5.08	230.15	45.3				
2025-06-26	10	3089	3343	92.40%	4.68	2.34	7.02	277.30	39.5				
2025-06-26	10	3281	3343	98.15%	4.49	2.25	6.74	355.38	52.7				
2025-06-27	10	2650	3343	79.27%	3.51	1.76	5.27	238.03	45.2				
2025-06-27	-8	1991			0.74708	0.37348	1.12056	89.72	80.1				
2025-06-28	7	4560	5613	81.24%	5.04	2.52	7.56	413.08	54.6				
2025-06-28	10	2749	3343	82.23%	3.41	1.7	5.11	246.75	48.3				
2025-06-28	9	3577	3780	94.63%	4.85	2.43	7.28	323.33	44.4				
2025-06-28	11	1536	1736	88.48%	1.63	0.81627	2.44627	138.25	56.5				
2025-06-29	7	4642	5613	82.70%	6.38	3.19	9.57	420.02	43.9				
2025-06-29	10	2657	3343	79.48%	4.07	2.03	6.1	237.30	38.9				
2025-06-29	10	3121	3343	93.36%	5.31	2.66	7.97	281.62	35.3				
2025-06-30	10	3076	3343	92.01%	5.17	2.58	7.75	274.78	35.5				
2025-06-30	10	2908	3343	86.99%	4.81	2.41	7.22	259.98	36.0				
2025-06-30	10	2863	3343	85.64%	3.69	1.84	5.53	256.67	46.4				
2025-07-01	10	2739	3343	81.93%	3.26	1.63	4.89	245.08	50.1				
2025-07-01	11	1547	1736	89.11%	1.96	0.9822	2.9422	136.52	46.4				
2025-07-01	11	1600	1736	92.17%	1.78	0.89233	2.67233	141.78	53.1				
2025-07-02	9	3190	3780	84.39%	4.18	2.09	6.27	286.78	45.7				
2025-07-02	11	1674	1736	96.43%	2.09	1.05	3.14	148.15	47.2				
2025-07-03	9	3272	3780	86.56%	4.14	2.07	6.21	294.10	47.4				
2025-07-03	11	1770	1736	101.96%	2.27	1.14	3.41	157.18	46.1				
2025-07-03	11	1760	1770	99.44%	2.56	1.28	3.84	155.50	40.5				
2025-07-03	11	1769	1770	99.94%	1.91	0.9568	2.8668	155.70	54.3				
2025-07-03	11	1883	1770	106.38%	2.09	1.04	3.13	166.17	53.1				
2025-07-03	11	1815	1883	96.39%	1.61	0.80453	2.41453	160.58	66.5				
2025-07-04	9	4002	3780	105.87%	6.68	3.34	10.02	362.72	36.2				
2025-07-04	11	1888	1883	100.27%	2.27	1.13	3.4	167.90	49.4				
2025-07-04	10	2970	3343	88.84%	3.98	1.99	5.97	267.27	44.8				
2025-07-04	-8	878			0.94157	0.47072	1.41229	77.43	54.8				
2025-07-05	10	3315	3343	99.16%	5.33	2.67	8	298.52	37.3				
2025-07-05	9	3684	4002	92.05%	5.4	2.7	8.1	332.43	41.0				
2025-07-06	9	3863	4002	96.53%	6.45	3.22	9.67	349.28	36.1				
2025-07-06	12	625	585	106.84%	0.52642	0.26317	0.78959	51.58	65.3				
2025-07-06	12	698	625	111.68%	0.57062	0.28527	0.85589	58.95	68.9				
2025-07-06	12	541	698	77.51%	0.3667	0.18332	0.55002	43.97	79.9				
2025-07-06	11	1846	1955	94.42%	2.1	1.05	3.15	166.03	52.7				
2025-07-06	11	1769	1955	90.49%	1.75	0.87443	2.62443	155.60	59.3				
2025-07-07	9	3695	4002	92.33%	5.39	2.7	8.09	333.87	41.3				
2025-07-07	12	598	698	85.67%	0.43894	0.21944	0.65838	49.02	74.5				
2025-07-07	12	642	698	91.98%	0.58653	0.29322	0.87975	53.28	60.6				
2025-07-07	12	616	698	88.25%	0.52477	0.26235	0.78712	49.77	63.2				
2025-07-07	12	659	698	94.41%	0.49544	0.24768	0.74312	54.23	73.0				
2025-07-07	9	3461	4002	86.48%	4.72	2.36	7.08	311.67	44.0				
2025-07-07	10	3237	3343	96.83%	4.85	2.42	7.27	289.92	39.9				
2025-07-08	10	2755	3343	82.41%	3.87	1.94	5.81	246.63	42.4				
2025-07-08	10	3356	3343	100.39%	6.03	3.01	9.04	302.40	33.5				
2025-07-08	10	2877	3356	85.73%	4.81	2.41	7.22	257.30	35.6				
2025-07-08	-8	981			0.74678	0.37333	1.12011	87.23	77.9				
2025-07-09	9	3911	4002	97.73%	5.76	2.88	8.64	354.18	41.0				
2025-07-09	11	1845	1955	94.37%	2.07	1.03	3.1	163.93	52.9				
2025-07-09	11	1768	1955	90.43%	2.26	1.13	3.39	155.58	45.9				
2025-07-09	11	1780	1955	91.05%	2.07	1.04	3.11	157.48	50.6				
2025-07-09	11	1901	1955	97.24%	2.26	1.13	3.39	168.00	49.6				
2025-07-10	11	1853	1955	94.78%	1.86	0.92947	2.78947	164.15	58.8	121			
2025-07-10	11	1729	1955	88.44%	2.28	1.14	3.42	153.52	44.9	121	0	0	
2025-07-10	11	1782	1955	91.15%	1.68	0.84219	2.52219	157.68	62.5	121	0	0	
2025-07-10	11	1795	1955	91.82%	2.29	1.14	3.43	159.02	46.4	162	41	13.7	
2025-07-10	11	1921	1955	98.26%	2.07	1.03	3.1	170.05	54.9	185	23	16.0	
2025-07-11	8	3709	4984	74.42%	3.81	1.9	5.71	333.55	58.4	191	6	14.0	
2025-07-11	11	1828	1955	93.50%	2.05	1.02	3.07	161.73	52.7	211	20	15.0	
2025-07-11	11	1885	1955	96.42%	2.25	1.12	3.37	167.22	49.6	228	17	15.3	
2025-07-11	11	1788	1955	91.46%	2.14	1.07	3.21	157.63	49.1	247	19	15.8	
2025-07-11	11	1746	1955	89.31%	1.65	0.82464	2.47464	153.18	61.9	282	35	17.9	
2025-07-11	-8	918								296	14	17.5	
2025-07-12	9	3307	4002	82.63%	4.08	2.04	6.12	297.55	48.6	297	1	16.0	
2025-07-12	11	1838	1955	94.02%	2.55	1.27	3.82	163.22	42.7	297	0	14.7	
2025-07-12	11	1897	1955	97.03%	2.3	1.15	3.45	168.03	48.7	333	36	16.3	
2025-07-12	11	1828	1955	93.50%	1.77	0.88549	2.65549	161.82	60.9	343	10	15.9	
2025-07-12	11	682	1955	34.88%	0.41655	0.20925	0.6258	57.33	91.6	346	3	15.0	
2025-07-12	11	1875	1955	95.91%	2.05	1.03	3.08	166.03	53.9	375	29	15.9	
2025-07-12	11	1909	1955	97.65%	2.58	1.29	3.87	169.33	43.8	379	4	15.2	
2025-07-13	7	4656	5613	82.95%	5.63	2.81	8.44	420.85	49.9	379	0	14.3	
2025-07-13	11	1961	1955	100.31%	2.23	1.11	3.34	174.22	52.2	410	31	15.2	
2025-07-13	11	1846	1961	94.14%	2.7	1.35	4.05	164.03	40.5	419	9	14.9	
2025-07-13	11	1894	1961	96.58%	2.32	1.16	3.48	167.90	48.2	419	0	14.2	
2025-07-13	12	586	698	83.95%	0.37687	0.18841	0.56528	48.07	85.0	460	41	15.4	
2025-07-13	12	631	698	90.40%	0.45622	0.22808	0.6843	51.87	75.8	460	0	14.7	
2025-07-13	12	649	698	92.98%	0.4422	0.22107	0.66327	54.02	81.4	485	25	15.2	
2025-07-14	7	4875	5613	86.85%	6.67	3.33	10	442.28	44.2	498	13	15.1	
2025-07-14	12	603	698	86.39%	0.42126	0.216	0.63726	49.50	77.7	498	0	14.5	
2025-07-14	12	610	698	87.39%	0.47437	0.23715	0.71152	49.87	70.1	498	0	14.0	
2025-07-14	11	1939	1961	98.88%	2.44	1.22	3.66	171.22	46.8	528	30	14.5	
2025-07-14	11	1651	1961	84.19%	1.4	0.69912	2.09912	144.78	69.0	528	0	14.0	
2025-07-14	11	1795	1961	91.53%	1.71	0.85536	2.56536	158.77	61.9	536	8	13.8	
2025-07-14	11	1792	1961	91.38%	2.17	1.08	3.25	158.78	48.9	552	16	13.9	
2025-07-14	11	1912	1961	97.50%	2.33	1.17	3.5	169.72	48.5	583	31	14.4	
2025-07-15	7	4585	5613	81.69%	5.56	2.78	8.34	416.18	49.9	589	6	14.2	
2025-07-15	11	308	1961	15.71%	0.151	0.07549	0.22649	22.80	100.7	591	2	13.8	
2025-07-15	11	1836	1961	93.63%	2.67	1.34	4.01	162.95	40.6	610	19	14.0	
2025-07-15	12	700	698	100.29%	0.46952	0.23472	0.70424	58.05	82.4	637	27	14.3	
2025-07-15	-8	968			0.88995	0.44491	1.33486	86.53	64.8	646	9	14.2	
2025-07-15	12	636	700	90.86%	0.42401	0.21197	0.63598	53.02	83.4	658	12	14.1	
2025-07-16	11	1789	1961	91.23%	1.74	0.86818	2.60818	158.68	60.8	674	16	14.2	
2025-07-16	11	1810	1961	92.30%	1.71	0.8537	2.5637	160.70	62.7	674	0	13.8	95.9
2025-07-16	11	2092	1961	106.68%	2.67	1.33	4	186.17	46.5	695	21	14.0	93.2
2025-07-16	11	1947	2092	93.07%	2.77	1.38	4.15	172.73	41.6	717	22	14.2	90.4
2025-07-16	11	1887	2092	90.20%	2.27	1.13	3.4	168.10	49.4	744	27	14.5	86.7
2025-07-16	12	650	700	92.86%	0.4768	0.23836	0.71516	54.17	75.7	744	0	14.2	88.7
2025-07-16	12	613	700	87.57%	0.3867	0.19332	0.58002	50.58	87.2	763	19	14.3	86.7
2025-07-17	7	5090	5613	90.68%	6.97	3.49	10.46	403.35	38.6	772	9	14.2	86.8
2025-07-17	11	1844	2092	88.15%	2.32	1.16	3.48	163.55	47.0	772	0	13.9	88.7
2025-07-17	11	1591	2092	76.05%	3.08	1.54	4.62	139.87	30.3	794	22	14.0	86.0
2025-07-17	11	1910	2092	91.30%	2.45	1.22	3.67	169.40	46.2	835	41	14.6	80.0
2025-07-17	11	1700	2092	81.26%	2.82	1.41	4.23	150.72	35.6	835	0	14.3	81.6
2025-07-17	11	1782	2092	85.18%	1.55	0.75501	2.30501	158.52	68.8	854	19	14.4	79.7
2025-07-18	11	1644	2092	78.59%	2.94	1.47	4.41	145.43	33.0	894	40	14.9	74.4
2025-07-18	11	1925	2092	92.02%	2.37	1.19	3.56	170.63	47.9	894	0	14.6	75.8
2025-07-18	11	1820	2092	87.00%	1.9	0.94742	2.84742	161.65	56.8	908	14	14.6	74.9
2025-07-18	11	1693	2092	80.93%	1.75	0.87531	2.62531	149.23	56.8	908	0	14.3	76.3
2025-07-18	-8	977			0.798	0.399	1.197	86.65	72.4	938	30	14.6	72.8
2025-07-19	7	4487	5613	79.94%	5.87	2.93	8.8	406.75	46.2	938	0	14.3	74.1
2025-07-19	11	1660	2092	79.35%	1.64	0.81919	2.45919	146.85	59.7	938	0	14.1	75.4
2025-07-19	11	1659	2092	79.30%	1.71	0.8557	2.5657	146.87	57.2	938	0	13.8	76.7
2025-07-19	11	1823	2092	87.14%	2.21	1.1	3.31	161.55	48.8	938	0	13.6	78.0
2025-07-19	11	2008	2092	95.98%	3.16	1.58	4.74	178.68	37.7	953	15	13.6	76.8
2025-07-20	7	4542	5613	80.92%	6.05	3.02	9.07	412.42	45.5	971	18	13.7	75.1
2025-07-20	11	1783	2092	85.23%	2.15	1.08	3.23	158.15	49.0	971	0	13.5	76.3
2025-07-20	7	4545	5613	80.97%	6.27	3.13	9.4	413.43	44.0	1011	40	13.9	71.1
2025-07-20	11	1806	2092	86.33%	1.97	0.9846	2.9546	159.03	53.8	1054	43	14.4	65.9
2025-07-21	8	3944	4984	79.13%	3.91	1.95	5.86	357.37	61.0	1076	22	14.5	63.9
2025-07-21	11	1890	2092	90.34%	1.89	0.94544	2.83544	168.27	59.3	1080	4	14.3	64.3
2025-07-21	11	1815	2092	86.76%	1.89	0.94639	2.83639	161.00	56.8	1080	0	14.1	65.2
2025-07-21	11	1882	2092	89.96%	2.49	1.24	3.73	166.42	44.6				
2025-07-21	12	711	700	101.57%	0.54502	0.27247	0.81749	59.08	72.3				
2025-07-21	13	180	172	104.65%	0.06952	0.03476	0.10428	10.62	101.8				
2025-07-22	9	3082	4002	77.01%	4.14	2.07	6.21	276.15	44.5				
2025-07-22	9	3871	4002	96.73%	5.6	2.8	8.4	349.37	41.6				
2025-07-22	9	3718	4002	92.90%	5.07	2.53	7.6	336.42	44.3				
2025-07-22	12	342	711	48.10%	0.14626	0.07312	0.21938	45.68	208.2				
2025-07-23	9	3834	4002	95.80%	6.13	3.07	9.2	345.78	37.6				
2025-07-23	9	3836	4002	95.85%	5.76	2.88	8.64	345.82	40.0				
2025-07-24	9	3905	4002	97.58%	6.27	3.13	9.4	353.42	37.6				
2025-07-24	9	3960	4002	98.95%	6.55	3.27	9.82	358.77	36.5				
2025-07-24	11	1856	2092	88.72%	2.03	1.02	3.05	163.72	53.7				
2025-07-25	10	3064	3356	91.30%	4.06	2.03	6.09	275.92	45.3				
2025-07-25	10	2807	3356	83.64%	2.9	1.45	4.35	253.03	58.2				
2025-07-25	-8	1037			0.7633	0.38159	1.14489	93.63	81.8				
2025-07-25	10	2838	3356	84.56%	3.25	1.62	4.87	254.82	52.3				
2025-07-26	9	3474	4069	85.38%	9.19	4.6	13.79	313.00	22.7				
2025-07-26	9	3867	4069	95.04%	6.3	3.15	9.45	348.77	36.9				
2025-07-26	9	3861	4069	94.89%	6.4	3.2	9.6	359.42	37.4				
2025-07-26	11	1919	2092	91.73%	3.66	1.83	5.49	170.82	31.1				
2025-07-27	9	3444	4069	84.64%	8.03	4.02	12.05	308.97	25.6				
2025-07-27	9	3849	4069	94.59%	5.25	2.62	7.87	346.18	44.0				
2025-07-27	9	4087	4069	100.44%	5.76	2.88	8.64	370.42	42.9				
2025-07-28	9	3357	4087	82.14%	8.03	4.01	12.04	302.82	25.2	0			
2025-07-28	9	3875	4087	94.81%	6.44	3.22	9.66	349.10	36.1	394	394	394.0	4.1
2025-07-28	9	3750	4087	91.75%	5.3	2.65	7.95	397.87	50.0	394	0	197.0	8.2
2025-07-29	9	3790	4087	92.73%	5.12	2.56	7.68	342.42	44.6	1270	876	423.3	1.7
2025-07-29	9	4122	4087	100.86%	8.52	4.26	12.78	373.12	29.2	1580	310	395.0	1.1
2025-07-29	-8	959			0.58375	0.29183	0.87558	85.30	97.4	2350	770	470.0	37.6
2025-07-30	9	3798	4122	92.14%	5.84	2.92	8.76	342.55	39.1	2880	530	480.0	35.7
2025-07-30	9	3830	4122	92.92%	6.02	3.01	9.03	345.93	38.3	3370	490	481.4	34.5
2025-07-30	9	3487	4122	84.59%	5.37	2.69	8.06	314.75	39.1	3910	540	488.8	32.9
2025-07-31	9	3855	4122	93.52%	5.56	2.78	8.34	347.42	41.7	4410	500	490.0	31.8
2025-07-31	9	3470	4122	84.18%	8.58	4.29	12.87	311.23	24.2	4930	520	493.0	30.6
2025-07-31	9	3877	4122	94.06%	5.39	2.7	8.09	350.57	43.3	5320	390	483.6	30.4
2025-07-31	9	3498	4122	84.86%	4.68	2.34	7.02	315.28	44.9	5790	470	482.5	29.5
2025-08-01	9	3974	4122	96.41%	6.59	3.3	9.89	359.33	36.3	6200	410	476.9	28.9
2025-08-01	9	3908	4122	94.81%	5.87	2.93	8.8	353.68	40.2	6500	300	464.3	29.1
2025-08-01	-11	408			0.32056	0.16025	0.48081	31.95	66.5	6500	0	433.3	31.2
2025-08-02	9	3498	4122	84.86%	7.78	3.89	11.67	314.90	27.0	7080	580	442.5	29.2
2025-08-02	9	3834	4122	93.01%	6.55	3.27	9.82	346.65	35.3	7660	580	450.6	27.4
2025-08-02	9	3968	4122	96.26%	7.11	3.56	10.67	357.77	33.5	8080	420	448.9	26.6
2025-08-03	9	3905	4122	94.74%	6.39	3.2	9.59	413.97	43.2	8600	520	452.6	25.2
2025-08-04	9	4116	4122	99.85%	5.9	2.95	8.85	371.37	42.0	9110	510	455.5	23.9
2025-08-04	9	3930	4122	95.34%	5.92	2.98	8.9	355.18	39.9	9110	0	433.8	25.1
2025-08-04	9	3963	4122	96.14%	5.97	2.98	8.95	359.25	40.1				
2025-08-05	10	3093	3356	92.16%	4.42	2.21	6.63	277.43	41.8				
2025-08-05	-8	961			0.70094	0.35042	1.05136	85.78	81.6				
2025-08-06	10	3348	3356	99.76%	5.33	2.66	7.99	361.22	45.2				
2025-08-06	10	3460	3356	103.10%	5.81	2.91	8.72	311.58	35.7				
2025-08-06	12	628	711	88.33%	0.50897	0.25445	0.76342	52.38	68.6				
2025-08-07	10	3004	3460	86.82%	3.79	1.89	5.68	268.90	47.3				
2025-08-07	10	3104	3460	89.71%	4.49	2.24	6.73	278.75	41.4				
2025-08-07	10	2840	3460	82.08%	2.7	1.35	4.05	255.00	63.0				
2025-08-07	10	2767	3460	79.97%	2.51	1.25	3.76	248.28	66.0				
2025-08-07	12	664	711	93.39%	0.56297	0.28145	0.84442	54.50	64.5				
2025-08-08	9	3223	4180	77.11%	3.61	1.8	5.41	290.47	53.7				
2025-08-08	11	1897	2092	90.68%	2.06	1.03	3.09	167.42	54.2				
2025-08-08	11	1840	2092	87.95%	2.09	1.04	3.13	163.02	52.1				
2025-08-08	10	3427	3460	99.05%	5.37	2.69	8.06	309.55	38.4				
2025-08-08	-8	1015			0.7537	0.3768	1.1305	90.72	80.2				
2025-08-09	9	3465	4180	82.89%	4.55	2.27	6.82	312.52	45.8				
2025-08-09	10	2882	3460	83.29%	4.07	2.03	6.1	257.67	42.2				
2025-08-09	10	3192	3460	92.25%	4.62	2.31	6.93	287.03	41.4				
2025-08-09	13	215	180	119.44%	0.07502	0.03751	0.11253	13.67	121.4				
2025-08-09	10	2853	3460	82.46%	4.34	2.17	6.51	256.05	39.3				
2025-08-10	9	3270	4180	78.23%	4.15	2.08	6.23	294.17	47.2				
2025-08-10	10	3045	3460	88.01%	3.75	1.87	5.62	272.97	48.6				
2025-08-10	10	3386	3460	97.86%	5.46	2.73	8.19	304.25	37.1				
2025-08-10	11	1854	2092	88.62%	2.45	1.23	3.68	165.28	44.9				
2025-08-11	9	3399	4180	81.32%	4.37	2.18	6.55	307.02	46.9				
2025-08-11	10	3059	3460	88.41%	4.2	2.1	6.3	274.02	43.5				
2025-08-11	10	3212	3460	92.83%	5.09	2.54	7.63	288.48	37.8				
2025-08-11	10	3160	3460	91.33%	4.32	2.16	6.48	284.32	43.9				
2025-08-12	8	4106	4984	82.38%	4.98	2.49	7.47	372.07	49.8				
2025-08-12	10	2755	3460	79.62%	3.37	1.69	5.06	245.98	48.6				
2025-08-12	10	3445	3460	99.57%	5.4	2.7	8.1	310.85	38.4				
2025-08-12	10	3247	3460	93.84%	5.1	2.55	7.65	292.18	38.2				
2025-08-12	-8	969			0.75929	0.37959	1.13888	86.40	75.9				
2025-08-13	10	3279	3460	94.77%	5.31	2.66	7.97	295.12	37.0				
2025-08-13	10	3169	3460	91.59%	4.43	2.22	6.65	284.75	42.8				
2025-08-13	10	2956	3460	85.43%	5.03	2.51	7.54	264.57	35.1				
2025-08-14	8	3832	4984	76.89%	7.52	3.76	11.28	346.32	30.7				
2025-08-14	10	3247	3460	93.84%	5.13	2.56	7.69	291.07	37.9				
2025-08-14	10	2818	3460	81.45%	4.15	2.08	6.23	252.53	40.5				
2025-08-14	10	3148	3460	90.98%	5.21	2.61	7.82	282.22	36.1				
2025-08-15	10	3384	3460	97.80%	6.47	3.24	9.71	303.42	31.2				
2025-08-15	10	3284	3460	94.91%	5.41	2.7	8.11	294.75	36.3				
2025-08-15	-8	904			0.95206	0.47596	1.42802	80.02	56.0				
2025-08-16	8	4238	4984	85.03%	11.4	5.7	17.1	382.48	22.4				
2025-08-16	10	3573	3460	103.27%	5.19	2.59	7.78	322.57	41.5				
2025-08-16	12	899	711	126.44%	0.78487	0.39238	1.17725	77.12	65.5				
2025-08-17	7	4471	5613	79.65%	4.79	2.39	7.18	405.70	56.5				
2025-08-17	10	3364	3573	94.15%	5.4	2.7	8.1	303.37	37.5				
2025-08-17	10	3446	3573	96.45%	4.78	2.39	7.17	310.40	43.3				
2025-08-17	10	2986	3573	83.57%	5.66	2.83	8.49	267.90	31.6				
2025-08-18	13	321	215	149.30%	0.22606	0.11301	0.33907	23.37	68.9				
2025-08-18	10	3557	3573	99.55%	5.76	2.88	8.64	320.75	37.1				
2025-08-18	10	3536	3573	98.96%	5.63	2.82	8.45	319.12	37.8				
2025-08-18	11	2273	2092	108.65%	2.54	1.27	3.81	202.72	53.2				
2025-08-19	6	5246	6135	85.51%	10.64	5.32	15.96	476.40	29.8				
2025-08-19	10	3392	3573	94.93%	6.29	3.14	9.43	305.57	32.4				
2025-08-19	10	3598	3573	100.70%	6.29	3.14	9.43	324.02	34.4				
2025-08-19	11	2081	2273	91.55%	2.05	1.02	3.07	185.28	60.4				
2025-08-20	-11	492			0.37687	0.18841	0.56528	159.37	281.9				
2025-08-20	11	2261	2273	99.47%	3.16	1.58	4.74	212.78	44.9				
2025-08-20	11	2422	2273	106.56%	3.54	1.77	5.31	215.23	40.5				
2025-08-20	11	2245	2422	92.69%	2.07	1.03	3.1	200.23	64.6				
2025-08-21	6	6163	6135	100.46%	10.9	5.45	16.35	562.22	34.4				
2025-08-21	11	2350	2422	97.03%	3.29	1.64	4.93	210.45	42.7				
2025-08-21	11	2035	2422	84.02%	1.84	0.92021	2.76021	180.90	65.5	2	2	2.0	999.0
2025-08-21	11	2184	2422	90.17%	2.74	1.37	4.11	194.77	47.4	2	0	1.0	1998.0
2025-08-21	9	4507	4180	107.82%	8.74	4.37	13.11	409.70	31.3	18	16	6.0	330.3
2025-08-22	8	4466	4984	89.61%	5.79	2.9	8.69	403.80	46.5	18	0	4.5	440.4
2025-08-22	11	2284	2422	94.30%	2.84	1.42	4.26	203.68	47.8	18	0	3.6	550.6
2025-08-22	11	2345	2422	96.82%	3.37	1.69	5.06	209.32	41.4	36	18	6.0	327.3
2025-08-22	11	2122	2422	87.61%	1.81	0.90571	2.71571	188.77	69.5	42	6	6.0	326.3
2025-08-22	-8	1012			0.63717	0.31904	0.95621	90.90	95.1	42	0	5.3	373.0
2025-08-23	6	5801	6163	94.13%	9.8	4.9	14.7	526.63	35.8	42	0	4.7	419.6
2025-08-23	7	5283	5613	94.12%	7.3	3.65	10.95	481.25	43.9	51	9	5.1	382.2
2025-08-24	11	2560	2422	105.70%	3.72	1.86	5.58	229.53	41.1	59	8	5.4	361.9
2025-08-24	11	2238	2560	87.42%	2.59	1.29	3.88	200.10	51.6	59	0	4.9	394.8
2025-08-24	10	3688	3598	102.50%	6.88	3.44	10.32	333.45	32.3	112	53	8.6	219.1
2025-08-25	11	2175	2560	84.96%	2.73	1.36	4.09	193.22	47.2	112	0	8.0	236.0
2025-08-25	10	4217	3688	114.34%	8.61	4.3	12.91	382.17	29.6	142	30	9.5	196.3
2025-08-25	9	4011	4507	88.99%	10.3	5.15	15.45	362.58	23.5	170	28	10.6	172.2
2025-08-25	12	951	899	105.78%	0.8508	0.42534	1.27614	81.53	63.9	170	0	10.0	183.0
2025-08-25	13	347	321	108.10%	0.2289	0.11093	0.33983	25.83	76.0	172	2	9.6	191.3
2025-08-25	14	109	83	131.33%	0.01908	0.00954	0.02862	4.17	145.6	200	28	10.5	171.0
2025-08-25	15	41	0	0.00%	0.02866	0.01433	0.04299	4.58	106.6	224	24	11.2	158.6
2025-08-25	15	46	41	112.20%	0.0028	0.0014	0.0042	1.50	357.1	226	2	10.8	164.8
2025-08-26	10	4300	4217	101.97%	10.48	5.24	15.72	389.18	24.8	255	29	11.6	150.5
2025-08-26	11	2186	2560	85.39%	2.65	1.33	3.98	194.27	48.8	255	0	11.1	157.4
2025-08-26	13	312	347	89.91%	0.21113	0.10555	0.31668	22.22	70.2	255	0	10.6	164.2
2025-08-26	-8	1091			1.11	0.55267	1.66267	45.00	27.1	291	36	11.6	146.8
2025-08-26	13	371	347	106.92%	0.26546	0.13271	0.39817	28.08	70.5	291	0	11.2	152.7
2025-08-26	13	362	371	97.57%	0.21886	0.10941	0.32827	27.70	84.4	291	0	10.8	158.6
2025-08-26	12	931	951	97.90%	0.66348	0.33169	0.99517	79.33	79.7	291	0	10.4	164.4
2025-08-27	12	989	951	104.00%	0.78114	0.39051	1.17165	84.52	72.1	291	0	10.0	170.3
2025-08-27	10	4068	4300	94.60%	8.12	4.06	12.18	368.10	30.2	344	53	11.5	144.4
2025-08-27	10	2568	4300	59.72%	5.16	2.58	7.74	322.45	41.7	344	0	11.1	149.2
2025-08-28	7	5028	5613	89.58%	5.91	2.95	8.86	456.78	51.6	364	20	11.4	143.8
2025-08-28	10	3869	4300	89.98%	6.99	3.5	10.49	350.22	33.4	364	0	11.0	148.3
2025-08-28	10	2978	4300	69.26%	8.39	4.2	12.59	358.48	28.5	419	55	12.3	128.3
2025-08-29	7	4886	5613	87.05%	6.84	3.42	10.26	443.95	43.3	426	7	12.2	129.3
2025-08-29	10	3774	4300	87.77%	6.78	3.39	10.17	341.15	33.5	455	29	12.6	122.2
2025-08-29	10	4288	4300	99.72%	8.3	4.15	12.45	388.65	31.2	494	39	13.4	112.8
2025-08-30	-11	276			0.16105	0.08051	0.24156	18.27	75.6	517	23	13.6	109.0
2025-08-30	10	4181	4300	97.23%	8.04	4.02	12.06	378.18	31.4	557	40	14.3	101.0
2025-08-30	-11	243			0.11516	0.05757	0.17273	15.37	89.0	562	5	14.1	102.3
2025-08-30	10	4055	4300	94.30%	8.28	4.14	12.42	366.67	29.5	562	0	13.7	104.9
2025-08-30	11	2333	2560	91.13%	3.62	1.81	5.43	208.05	38.3	572	10	13.6	104.9
2025-08-31	6	6344	6163	102.94%	10.01	5.01	15.02	575.97	38.3	591	19	13.7	102.5
2025-08-31	10	3222	4300	74.93%	7.9	3.95	11.85	289.75	24.5	602	11	13.7	102.2
2025-09-01	8	4537	4984	91.03%	6.63	3.31	9.94	411.25	41.4	602	0	13.4	104.5
2025-09-01	10	3628	4300	84.37%	6.49	3.25	9.74	328.63	33.7	602			
2025-09-01	10	3447	4300	80.16%	5.05	2.52	7.57	311.43	41.1				
2025-09-02	8	4715	4984	94.60%	7.45	3.72	11.17	427.38	38.3				
2025-09-02	11	2225	2560	86.91%	3.16	1.58	4.74	198.85	42.0				
2025-09-02	-8	1105			0.65115	0.32553	0.97668	99.67	102.0				
2025-09-03	7	4832	5613	86.09%	7.38	3.69	11.07	438.45	39.6				
2025-09-03	10	3906	4536	86.11%	7.78	3.89	11.67	352.13	30.2				
2025-09-03	10	4197	4536	92.53%	8.65	4.32	12.97	378.07	29.1				
2025-09-03	11	2081	2560	81.29%	3.27	1.63	4.9	185.60	37.9				
2025-09-04	7	5716	5613	101.84%	12.25	6.12	18.37	518.60	28.2				
2025-09-04	10	4416	4536	97.35%	9.35	4.67	14.02	400.38	28.6				
2025-09-04	10	3423	4536	75.46%	5.07	2.54	7.61	309.03	40.6				
2025-09-05	8	5146	4984	103.25%	9.19	4.59	13.78	467.93	34.0				
2025-09-06	10	4284	4536	94.44%	9.08	4.54	13.62	387.32	28.4				
2025-09-06	-8	1046			0.77293	0.38641	1.15934	93.97	81.1				
2025-09-06	10	4127	4536	90.98%	9.19	4.59	13.78	373.48	27.1				
2025-09-06	10	4199	4536	92.57%	9.18	4.59	13.77	379.73	27.6				
2025-09-07	2	9185	6818	134.72%									
2025-09-07	11	2290	2560	89.45%	3.78	1.89	5.67	204.65	36.1				
2025-09-07	11	2306	2560	90.08%	3.54	1.77	5.31	205.87	38.8				
2025-09-08	6	6179	6344	97.40%	10.71	5.36	16.07	562.98	35.0				
2025-09-08	9	5009	4507	111.14%	10.28	5.14	15.42	455.38	29.5				
2025-09-08	11	2432	2560	95.00%	4.27	2.14	6.41	217.45	33.9				
2025-09-08	11	2158	2560	84.30%	3.21	1.6	4.81	192.33	40.0				
2025-09-09	8	5482	5146	106.53%	11.21	5.61	16.82	496.87	29.5				
2025-09-09	10	4414	4536	97.31%	10.11	5.06	15.17	400.93	26.4				
2025-09-09	12	912	989	92.21%	0.78336	0.39162	1.17498	77.98	66.4				
2025-09-09	-11	515			0.32292	0.16144	0.48436	42.33	87.4				
2025-09-10	8	4583	5482	83.60%	7.86	3.93	11.79	413.73	35.1				
2025-09-10	10	4031	4536	88.87%	9.15	4.58	13.73	364.93	26.6				
2025-09-10	12	1031	989	104.25%	0.89669	0.44828	1.34497	88.92	66.1				
2025-09-10	13	171	371	46.09%	0.10188	0.05093	0.15281	24.85	162.6				
2025-09-10	11	2855	2560	111.52%	5.05	2.53	7.58	256.30	33.8				
2025-09-11	9	4630	5009	92.43%	9.15	4.58	13.73	419.93	30.6				
2025-09-11	10	4281	4536	94.38%	10.09	5.04	15.13	388.10	25.7				
2025-09-11	10	4398	4536	96.96%	10.14	5.07	15.21	398.73	26.2				
2025-09-12	14	127	109	116.51%	0.03809	0.1904	0.22849	4.77	20.9				
2025-09-12	11	2768	2855	96.95%	10.52	5.26	15.78	249.03	15.8				
2025-09-12	11	3015	2855	105.60%	11.35	5.68	17.03	273.18	16.0				
2025-09-12	12	1011	1031	98.06%	2.11	1.05	3.16	86.80	27.5				
2025-09-12	-9	1047			1.68	0.82755	2.50755	93.92	37.5				
2025-09-13	7	6096	5716	106.65%	19.25	9.62	28.87	552.62	19.1				
2025-09-13	9	5044	5009	100.70%	16.46	8.23	24.69	456.00	18.5				
2025-09-13	10	4406	4536	97.13%	15.15	7.57	22.72	397.33	17.5				
2025-09-14	8	5294	5482	96.57%	14.46	7.23	21.69	478.25	22.0				
2025-09-14	12	999	1031	96.90%	1.6	0.79872	2.39872	86.45	36.0				
2025-09-14	12	939	1031	91.08%	1.67	0.83729	2.50729	80.58	32.1				
2025-09-14	11	2622	3015	86.97%	7.48	3.74	11.22	235.95	21.0				
2025-09-14	11	2540	3015	84.25%	7.01	3.51	10.52	228.48	21.7				
2025-09-14	12	966	1031	93.70%	1.23	0.61257	1.84257	83.22	45.2				
2025-09-15	9	4839	5044	95.94%	11.58	5.79	17.37	437.65	25.2				
2025-09-15	11	2743	3015	90.98%	9.28	4.64	13.92	246.97	17.7				
2025-09-15	11	3007	3015	99.73%	10.52	5.26	15.78	273.15	17.3				
2025-09-15	11	2947	3015	97.74%	10.51	6.25	16.76	267.60	16.0				
2025-09-15	12	1000	1031	96.99%	1.19	0.59458	1.78458	85.80	48.1				
2025-09-16	8	5385	5482	98.23%	13.45	6.72	20.17	489.40	24.3				
2025-09-16	9	4472	5044	88.66%	19.66	9.83	29.49	403.37	13.7				
2025-09-16	-11	359			0.3566	0.17827	0.53487	26.87	50.2				
2025-09-17	9	4914	5044	97.42%	12.65	6.32	18.97	442.65	23.3				
2025-09-17	-11	365			0.33781	0.16888	0.50669	27.10	53.5				
2025-09-17	9	4817	5044	95.50%	14.29	7.14	21.43	434.70	20.3				
2025-09-17	11	3029	3015	100.46%	9.8	4.9	14.7	272.77	18.6				
2025-09-18	8	5033	5482	91.81%	12.06	6.03	18.09	456.53	25.2				
2025-09-18	11	2717	3029	89.70%	8.43	4.21	12.64	245.75	19.4				
2025-09-18	11	2445	3029	80.72%	4.99	2.5	7.49	220.25	29.4				
2025-09-18	11	3006	3029	99.24%	9.34	4.67	14.01	270.70	19.3				
2025-09-19	9	4589	5044	90.98%	13.11	6.55	19.66	415.70	21.1				
2025-09-19	12	1050	1031	101.84%	1.97	0.98324	2.95324	90.58	30.7				
2025-09-20	9	4623	5044	91.65%	10.27	5.13	15.4	418.33	27.2				
2025-09-20	10	4330	4536	95.46%	12.93	6.47	19.4	392.28	20.2				
2025-09-20	10	4401	4536	97.02%	13.32	6.66	19.98	396.28	19.8				
2025-09-21	9	5125	5044	101.61%	13.63	6.81	20.44	465.17	22.8				
2025-09-21	10	4265	4536	94.03%	14.86	7.43	22.29	387.02	17.4				
2025-09-21	10	4476	4536	98.68%	24.33	12.16	36.49	402.75	11.0				
2025-09-22	9	5137	5125	100.23%	13.75	6.87	20.62	466.85	22.6				
2025-09-22	10	4408	4536	97.18%	15.32	7.66	22.98	398.27	17.3				
2025-09-22	14	118	127	92.91%	0.02829	0.01414	0.04243	3.70	87.2				
2025-09-22	15	57	46	123.91%	0.01426	0.00713	0.02139	2.17	101.3				
2025-09-22	12	1049	1050	99.90%	1.23	0.61338	1.84338	90.65	49.2				
2025-09-22	11	2693	3029	88.91%	7.74	3.87	11.61	242.45	20.9				
2025-09-22	12	1097	1050	104.48%	2.03	1.01	3.04	95.00	31.3				
2025-09-23	9	4756	5137	92.58%	12.21	6.1	18.31	430.98	23.5				
2025-09-23	10	4525	4536	99.76%	18.94	9.47	28.41	407.18	14.3				
2025-09-23	10	4305	4536	94.91%	15.67	7.83	23.5	389.02	16.6				
2025-09-23	-8	1261			1.84	0.92048	2.76048	114.45	41.5				
2025-09-24	9	5125	5137	99.77%	19.12	9.56	28.68	465.32	16.2				
2025-09-24	10	4279	4536	94.33%	12.86	6.43	19.29	386.50	20.0				
2025-09-25	9	4437	5137	86.37%	11.98	5.99	17.97	401.48	22.3				
2025-09-25	10	4380	4536	96.56%	16.06	8.03	24.09	396.93	16.5				
2025-09-25	10	4268	4536	94.09%	17.17	8.58	25.75	387.12	15.0				
2025-09-26	9	4527	5137	88.13%	12.84	6.42	19.26	410.00	21.3				
2025-09-26	10	4535	4536	99.98%	18.83	9.41	28.24	410.10	14.5				
2025-09-27	-11	618			0.85417	0.42702	1.28119	51.92	40.5				
2025-09-27	9	4902	5137	95.43%	11.44	5.72	17.16	444.07	25.9				
2025-09-27	10	4470	4536	98.54%	18.64	9.32	27.96	403.88	14.4				
2025-09-28	9	5178	5137	100.80%	12.71	6.35	19.06	469.05	24.6				
2025-09-28	12	1104	1097	100.64%	1.55	0.77362	2.32362	95.48	41.1				
2025-09-28	11	3056	3029	100.89%	10.55	5.27	15.82	276.42	17.5				
2025-09-28	10	4476	4536	98.68%	13.6	6.8	20.4	405.13	19.9				
2025-09-29	10	4236	4536	93.39%	11.1	5.55	16.65	383.28	23.0				
2025-09-29	10	4294	4536	94.66%	15.04	7.52	22.56	386.05	17.1				
2025-09-29	10	4514	4536	99.51%	15.5	7.75	23.25	407.90	17.5				
2025-09-29	12	1143	1104	103.53%	1.96	0.97994	2.93994	98.43	33.5				
2025-09-29	15	64	57	112.28%	0.01149	0.00575	0.01724	1.70	98.6				
2025-09-29	15	65	64	101.56%	0.000101	0.00005	0.000151	1.23	8167.8				
2025-09-30	10	3677	4536	81.06%	13.33	6.66	19.99	331.37	16.6				
2025-09-30	10	4403	4536	97.07%	15.87	7.94	23.81	400.85	16.8				
2025-10-01	-8	1146			1.38	0.68953	2.06953	103.53	50.0				
2025-10-01	-8	1147			1.64	0.82125	2.46125	103.53	42.1				
2025-10-01	10	4087	4536	90.10%	20.94	10.47	31.41	368.92	11.7				
2025-10-01	-8	1144			1.43	0.71656	2.14656	103.22	48.1				
2025-10-02	10	4403	4536	97.07%	14.45	7.23	21.68	400.67	18.5				
2025-10-02	10	4467	4536	98.48%	15.37	7.86	23.23	405.10	17.4				
2025-10-02	10	4385	4536	96.67%	15.53	7.76	23.29	397.38	17.1				
2025-10-02	12	1031	1143	90.20%	1.86	0.92751	2.78751	88.57	31.8				
2025-10-03	10	4416	4536	97.35%	13.59	6.79	20.38	398.53	19.6				
2025-10-03	10	4565	4536	100.64%	15.11	7.55	22.66	413.82	18.3				
2025-10-03	11	3018	3056	98.76%	9.54	4.77	14.31	272.73	19.1				
2025-10-03	-8	980			1.77	0.88315	2.65315	90.82	34.2				
2025-10-04	10	4300	4565	94.19%	11.69	5.84	17.53	388.20	22.1				
2025-10-04	10	4350	4565	95.29%	15.57	7.78	23.35	392.00	16.8				
2025-10-04	12	1201	1143	105.07%	1.56	0.78154	2.34154	640.65	273.6				
2025-10-05	10	4500	4565	98.58%	15.1	7.55	22.65	407.38	18.0				
2025-10-05	10	4240	4565	92.88%	13.11	6.55	19.66	381.47	19.4				
2025-10-05	10	4510	4565	98.80%	17.05	8.52	25.57	405.05	15.8				
2025-10-05	12	1127	1201	93.84%	2.26	1.13	3.39	97.00	28.6				
2025-10-06	10	4386	4565	96.08%	12.87	6.44	19.31	395.47	20.5				
2025-10-06	10	4496	4565	98.49%	17.27	8.64	25.91	404.57	15.6				
2025-10-06	10	4359	4565	95.49%	15.41	7.7	23.11	390.82	16.9				
2025-10-07	10	4129	4565	90.45%	11.17	5.59	16.76	371.28	22.2				
2025-10-07	10	4635	4565	101.53%	16.76	8.38	25.14	416.50	16.6				
2025-10-07	11	3217	3056	105.27%	11.51	5.75	17.26	[	#VALUE!				
2025-10-07	12	1101	1201	91.67%	1.76	0.87783	2.63783	95.23	36.1				
2025-10-07	-11	714			0.93438	0.46713	1.40151	61.55	43.9				
2025-10-08	10	4314	4635	93.07%	11.75	5.88	17.63	387.33	22.0				
2025-10-08	10	4477	4635	96.59%	15.51	7.75	23.26	402.73	17.3				
2025-10-08	10	4439	4635	95.77%	16.06	8.03	24.09	397.32	16.5				
2025-10-08	13	419	371	112.94%	0.33871	0.16933	0.50804	32.45	63.9				
2025-10-09	10	4630	4635	99.89%	14.66	7.33	21.99	415.65	18.9				
2025-10-09	10	4465	4635	96.33%	15.24	7.62	22.86	401.30	17.6				
2025-10-09	10	3698	4635	79.78%	26.12	13.06	39.18	355.22	9.1				
2025-10-10	10	4430	4635	95.58%	11.9	5.95	17.85	398.07	22.3				
2025-10-10	10	4366	4635	94.20%	20.28	10.14	30.42	390.07	12.8				
2025-10-10	10	4577	4635	98.75%	17.92	8.96	26.88	410.65	15.3				
2025-10-10	-11	636			0.59866	0.29929	0.89795	53.55	59.6				
2025-10-11	10	4402	4635	94.97%	13.01	6.5	19.51	394.82	20.2				
2025-10-12	10	4623	4635	99.74%	17.86	8.83	26.69	415.22	15.6				
2025-10-13	10	4510	4635	97.30%	12.55	6.27	18.82	403.65	21.4				
2025-10-13	10	4297	4635	92.71%	15.49	7.74	23.23	383.10	16.5				
2025-10-13	10	4674	4635	100.84%	20.07	10.04	30.11	420.75	14.0				
2025-10-14	10	4660	4674	99.70%	14.79	7.4	22.19	415.83	18.7				
2025-10-14	10	4419	4674	94.54%	19.56	9.78	29.34	394.18	13.4				
2025-10-14	12	1203	1201	100.17%	1.49	0.74493	2.23493	104.05	46.6				
2025-10-14	12	1267	1203	105.32%	3.43	1.71	5.14	108.92	21.2				
2025-10-14	15	86	65	132.31%	0.02485	0.01242	0.03727	3.55	95.3				
2025-10-14	-8	1260			1.68	0.83959	2.51959	114.25	45.3				
2025-10-14	12	1270	1267	100.24%	2.67	1.33	4	109.92	27.5				
2025-10-15	10	4484	4674	95.93%	15.21	7.6	22.81	400.73	17.6				
2025-10-15	10	4697	4674	100.49%	17.19	8.6	25.79	419.00	16.2				
2025-10-15	10	4465	4697	95.06%	16.43	8.21	24.64	397.68	16.1				
2025-10-16	10	4185	4697	89.10%	13.58	6.79	20.37	373.27	18.3				
2025-10-16	10	4524	4697	96.32%	16.82	8.41	25.23	404.70	16.0				
2025-10-16	10	4597	4697	97.87%	20.27	10.13	30.4	409.48	13.5				
2025-10-17	10	4195	4697	89.31%	11.9	5.95	17.85	372.60	20.9				
2025-10-17	10	4106	4697	87.42%	17.47	8.73	26.2	364.40	13.9				
2025-10-17	10	4094	4697	87.16%	26.27	13.13	39.4	364.87	9.3				
2025-10-17	-11	703			0.73877	0.36933	1.1081	59.95	54.1				
2025-10-17	12	1386	1270	109.13%	2.49	1.25	3.74	60.25	16.1				
2025-10-18	10	4476	4697	95.29%	16.55	8.27	24.82	399.02	16.1				
2025-10-18	-11	699			0.92142	0.46065	1.38207	59.62	43.1				
2025-10-18	10	4378	4697	93.21%	15.63	7.81	23.44	389.35	16.6				
2025-10-18	10	4079	4697	86.84%	13.74	6.87	20.61	365.12	17.7				
2025-10-19	10	4638	4697	98.74%	16.52	8.26	24.78	422.98	17.1				
2025-10-19	10	4210	4697	89.63%	15.69	7.84	23.53	375.25	15.9				
2025-10-19	10	4473	4697	95.23%	19.04	9.52	28.56	398.25	13.9				
2025-10-20	10	4589	4697	97.70%	14.96	7.48	22.44	407.75	18.2				
2025-10-20	10	4577	4697	97.45%	19.84	9.92	29.76	407.33	13.7				
2025-10-20	10	4794	4697	102.07%	24.42	12.21	36.63	425.53	11.6				
2025-10-21	10	4473	4794	93.30%	15.67	7.83	23.5	398.82	17.0				
2025-10-21	10	4784	4794	99.79%	21.57	10.79	32.36	424.55	13.1				
2025-10-21	10	4158	4794	86.73%	17.16	8.58	25.74	369.27	14.3				
2025-10-21	-8	1189			2.55	1.28	3.83	107.80	28.1				
2025-10-22	10	4342	4794	90.57%	17.13	8.56	25.69	386.63	15.0				
2025-10-22	10	4629	4794	96.56%	18.28	9.14	27.42	412.47	15.0				
2025-10-22	10	4180	4794	87.19%	16.67	8.34	25.01	370.13	14.8				
2025-10-23	10	4432	4794	92.45%	19.33	9.66	28.99	395.43	13.6				
2025-10-23	10	4789	4794	99.90%	28.55	14.27	42.82	425.33	9.9				
2025-10-23	10	4206	4794	87.73%	21.24	10.62	31.86	371.87	11.7				
2025-10-24	10	4600	4794	95.95%	17.68	8.84	26.52	411.20	15.5				
2025-10-26	10	4610	4794	96.16%	35.04	17.52	52.56	408.53	7.8				
2025-10-27	10	4634	4794	96.66%	18.09	9.04	27.13	411.20	15.2				
2025-10-27	10	4473	4794	93.30%	21.94	10.97	32.91	396.98	12.1				
2025-10-27	10	4380	4794	91.36%	22.49	11.25	33.74	388.08	11.5				
2025-10-28	10	4183	4794	87.25%	18.54	9.27	27.81	371.53	13.4				
2025-10-31	10	4605	4794	96.06%	22.92	11.46	34.38	410.57	11.9				
2025-10-31	10	4710	4794	98.25%	20.78	10.39	31.17	417.08	13.4				
2025-10-31	-8	1238			2.4	1.2	3.6	112.42	31.2				
2025-11-01	-8	1227	4794	25.59%	2.45	1.22	3.67	111.27	30.3				
2025-11-01	10	4815	4794	100.44%	30.04	15.02	45.06	427.50	9.5				
2025-11-02	10	4666	4815	96.91%	19.98	9.99	29.97	413.88	13.8				
2025-11-02	10	4433	4815	92.07%	13.79	6.9	20.69	393.58	19.0				
2025-11-02	12	1222	1386	88.17%	2.18	1.09	3.27	105.00	32.1				
2025-11-02	15	79	86	91.86%	0.14183	0.0709	0.21273	9.28	43.6				
2025-11-02	12	1381	1386	99.64%	3.98	1.99	5.97	129.23	21.6				
2025-11-03	9	5035	5178	97.24%	24.81	12.4	37.21	457.33	12.3				
2025-11-03	11	3395	3217	105.53%	13.35	6.67	20.02	 					
2025-11-03	10	4551	4815	94.52%	20.14	10.07	30.21	410.32	13.6				
2025-11-04	10	4706	4815	97.74%	17.72	8.86	26.58	427.80	16.1				
2025-11-04	10	4372	4815	90.80%	28.25	14.12	42.37	397.35	9.4				
2025-11-04	11	3086	3395	90.90%	15.74	7.87	23.61	282.23	12.0				
2025-11-04	13	607	419	144.87%	0.93906	0.46946	1.40852	640.65	454.8				
2025-11-04	-8	1278			3.68	1.84	5.52	124.82	22.6				
2025-11-05	10	4792	4815	99.52%	18.23	9.11	27.34	436.98	16.0				
2025-11-05	10	4498	4815	93.42%	21.32	10.66	31.98	407.88	12.8				
2025-11-05	10	4733	4815	98.30%	21.86	10.93	32.79	429.45	13.1				
2025-11-06	10	4713	4815	97.88%	17.62	8.81	26.43	427.05	16.2				
2025-11-06	10	4818	4815	100.06%	16.78	8.39	25.17	439.20	17.4				
2025-11-10	10	4706	4820	97.63%	18.75	9.37	28.12	427.97	15.2				
2025-11-10	10	4367	4820	90.60%	30.92	15.46	46.38	395.00	8.5				
2025-11-10	10	4897	4820	101.60%	24.79	12.39	37.18	445.55	12.0				
2025-11-11	10	4874	4897	99.53%	18.26	9.13	27.39	443.93	16.2				
2025-11-11	10	4252	4897	86.83%	19.33	9.66	28.99	389.07	13.4				
2025-11-11	10	4566	4897	93.24%	23.54	11.77	35.31	411.52	11.7				
2025-11-12	-8	1256			1.41	0.70266	2.11266	122.30	57.9				
2025-11-12	-8	1127			1.29	0.64388	1.93388	109.92	56.8				
2025-11-12	10	4515	4897	92.20%	17.19	8.59	25.78	409.97	15.9				
2025-11-12	10	4209	4897	85.95%	19.64	9.82	29.46	384.80	13.1				
2025-11-13	10	4971	4897	101.51%	20.02	10.01	30.03	451.88	15.0				
2025-11-13	10	4715	4971	94.85%	49.02	24.51	73.53	429.93	5.8				
2025-11-13	10	4466	4971	89.84%	21.93	10.96	32.89	406.90	12.4				
2025-11-14	10	5009	4971	100.76%	22.8	11.4	34.2	453.93	13.3				
2025-11-14	10	4867	5009	97.17%	22.22	11.11	33.33	440.67	13.2				
2025-11-14	10	4616	5009	92.15%	37.28	18.64	55.92	419.90	7.5				
2025-11-15	10	5023	5009	100.28%	24.82	12.41	37.23	457.47	12.3				
2025-11-15	-11	745			1.14	0.56861	1.70861	72.30	42.3				
2025-11-15	10	4746	5023	94.49%	20.72	10.36	31.08	432.50	13.9				
2025-11-16	10	4807	5023	95.70%	19.47	9.73	29.2	437.27	15.0				
2025-11-16	10	4941	5023	98.37%	38.25	19.12	57.37	447.35	7.8				
2025-11-16	10	4754	5023	94.64%	25.16	12.58	37.74	432.03	11.4				
2025-11-17	10	5055	5023	100.64%	18.84	9.42	28.26	458.28	16.2				
2025-11-17	11	3798	3395	111.87%	17.57	8.79	26.36	346.57	13.1				
2025-11-17	11	3794	3798	99.89%	18.32	9.16	27.48	347.13	12.6				
2025-11-18	11	3887	3798	102.34%	14.69	7.34	22.03	355.20	16.1				
2025-11-18	11	3444	3887	88.60%	13.37	6.69	20.06	317.30	15.8				
2025-11-18	11	4133	3887	106.33%	21.96	10.98	32.94	376.48	11.4				
2025-11-19	9	5530	5178	106.80%	28.27	14.13	42.4	503.23	11.9				
2025-11-19	-8	1407			3.91	1.95	5.86	138.07	23.6				
2025-11-19	11	3641	4133	88.10%	23.88	11.94	35.82	334.10	9.3				
2025-11-19	11	3924	4133	94.94%	20.74	10.37	31.11	357.37	11.5				
2025-11-20	9	5527	5530	99.95%	28.49	14.24	42.73	501.68	11.7				
2025-11-20	12	1525	1386	110.03%	3.08	1.54	4.62	142.10	30.8				
2025-11-20	13	641	607	105.60%	1.26	0.62988	1.88988	61.85	32.7				
2025-11-20	11	4063	4133	98.31%	22.23	11.11	33.34	369.98	11.1				
2025-11-20	13	732	641	114.20%	1.92	0.95948	2.87948	70.22	24.4				
2025-11-20	12	1699	1525	111.41%	4.07	2.03	6.1	157.30	25.8				
2025-11-21	9	5538	5530	100.14%	29.65	14.82	44.47	883.43	19.9				
2025-11-21	11	4099	4133	99.18%	19.92	9.96	29.88	373.80	12.5				
2025-11-21	11	3815	4133	92.31%	15.63	7.82	23.45	348.02	14.8				
2025-11-22	9	5515	5538	99.58%	30.22	15.11	45.33	501.30	11.1				
2025-11-22	-11	682			1.07	0.53666	1.60666	67.05	41.7				
2025-11-22	11	4018	4133	97.22%	17.49	8.75	26.24	365.17	13.9				
2025-11-22	12	1527	1699	89.88%	4.79	2.4	7.19	142.27	19.8				
2025-11-23	9	5566	5538	100.51%	34.25	17.12	51.37	640.65	12.5				
2025-11-23	11	3916	4133	94.75%	19.9	9.95	29.85	357.75	12.0				
2025-11-24	8	6136	5482	111.93%	37.38	18.69	56.07	555.45	9.9				
2025-11-24	11	3896	4133	94.27%	16.12	8.06	24.18	357.28	14.8				
2025-11-24	11	3979	4133	96.27%	24.72	12.36	37.08	364.87	9.8				
2025-11-25	8	6089	6136	99.23%	36.93	18.46	55.39	551.98	10.0				
2025-11-25	11	3924	4133	94.94%	21.11	10.56	31.67	356.98	11.3				
2025-11-25	11	3608	4133	87.30%	17.25	8.63	25.88	332.22	12.8				
2025-11-25	-8	1427			3.03	1.52	4.55	140.33	30.8				
2025-11-26	10	4844	5055	95.83%	23.29	11.64	34.93	439.37	12.6				
2025-11-26	-8	1406			3.83	1.92	5.75	137.98	24.0				
2025-11-26	12	1723	1699	101.41%	5.31	2.65	7.96	159.82	20.1				
2025-11-26	11	4054	4133	98.09%	19.22	9.61	28.83	368.47	12.8				
2025-11-27	10	5028	5055	99.47%	22.27	11.13	33.4	457.38	13.7				
2025-11-27	11	3975	4133	96.18%	20.26	10.13	30.39	361.45	11.9				
2025-11-27	11	3638	4133	88.02%	19.26	9.63	28.89	331.53	11.5				
2025-11-27	12	1473	1723	85.49%	2.98	1.49	4.47	136.60	30.6				
2025-11-28	10	5079	5055	100.47%	22.07	11.03	33.1	462.18	14.0				
2025-11-28	11	4217	4133	102.03%	23.04	11.52	34.56	385.28	11.1				
2025-11-29	11	4076	4217	96.66%	18.27	9.13	27.4	371.42	13.6				
2025-11-29	11	4143	4217	98.25%	20.27	10.13	30.4	378.28	12.4				
2025-11-30	10	4772	5079	93.96%	27.27	13.63	40.9	434.63	10.6				
2025-11-30	11	3970	4217	94.14%	22.67	11.33	34	361.58	10.6				
2025-11-30	11	3998	4217	94.81%	18.16	9.08	27.24	365.78	13.4				
2025-11-30	12	1675	1723	97.21%	5.82	2.91	8.73	155.85	17.9				
2025-12-01	10	4939	5079	97.24%	29.99	14.99	44.98	448.10	10.0				
2025-12-01	11	3979	4217	94.36%	22.55	11.27	33.82	361.15	10.7				
2025-12-01	11	4023	4217	95.40%	21.84	10.92	32.76	366.73	11.2				
2025-12-02	10	5035	5079	99.13%	25.4	12.7	38.1	457.88	12.0				
2025-12-02	11	4178	4217	99.08%	21.14	10.57	31.71	382.25	12.1				
2025-12-02	11	4075	4217	96.63%	20.61	10.3	30.91	371.23	12.0				
2025-12-02	-8	1427			3.4	1.7	5.1	139.07	27.3				
2025-12-03	10	5095	5079	100.32%	21.29	10.64	31.93	464.03	14.5				
2025-12-03	11	4036	4217	95.71%	23.08	11.54	34.62	368.67	10.6				
2025-12-03	11	4098	4217	97.18%	19.24	9.62	28.86	373.85	13.0				
2025-12-04	10	5006	5095	98.25%	20.91	10.45	31.36	454.78	14.5				
2025-12-04	11	3652	4217	86.60%	25.19	12.59	37.78	333.58	8.8				
2025-12-04	11	4175	4217	99.00%	25.23	12.61	37.84	379.25	10.0				
2025-12-05	10	4974	5095	97.63%	N/A	N/A	37.13	455.23	12.3				
2025-12-05	10	5005	5095	98.23%	30.32	15.16	45.48	454.93	10.0				
2025-12-05	11	3978	4217	94.33%	21.77	10.88	32.65	362.37	11.1				
2025-12-05	-8	846			1.1	0.54873	1.64873	82.50	50.0				
2025-12-06	10	4996	5095	98.06%	28.16	14.08	42.24	454.87	10.8				
2025-12-06	-8	1534			2.53	1.27	3.8	149.22	39.3				
2025-12-06	10	5076	5095	99.63%	31.61	15.8	47.41	459.75	9.7				
2025-12-06	13	643	732	87.84%	1.13	0.56598	1.69598	62.23	36.7				
2025-12-06	13	664	732	90.71%	0.89531	0.44759	1.3429	63.87	47.6				
2025-12-07	10	5178	5095	101.63%	41.03	20.51	61.54	469.77	7.6				
2025-12-07	10	5097	5178	98.44%	38.06	19.03	57.09	463.00	8.1				
2025-12-08	10	5077	5178	98.05%	24.3	12.15	36.45	463.12	12.7				
2025-12-08	10	5225	5178	100.91%	49.01	24.5	73.51	473.47	6.4				
2025-12-08	12	1964	1739	112.94%	7.05	3.53	10.58	181.80	17.2				
2025-12-08	13	719	732	98.22%	1.49	0.74552	2.23552	68.70	30.7				
2025-12-08	13	657	732	89.75%	0.96628	0.48307	1.44935	63.00	43.5				
2025-12-09	10	5054	5225	96.73%	28.05	14.02	42.07	459.33	10.9				
2025-12-10	10	5056	5225	96.77%	31.92	15.96	47.88	640.65	13.4				
2025-12-10	-8	1474			3.3	1.65	4.95	143.67	29.0				
2025-12-10	-8	1513			2.55	1.28	3.83	147.70	38.6				
2025-12-10	10	5099	5225	97.59%	38.17	19.08	57.25	460.83	8.0				
2025-12-11	10	5014	5225	95.96%	22.76	11.38	34.14	455.68	13.3				
2025-12-11	10	5095	5225	97.51%	35.63	17.81	53.44	462.65	8.7				
2025-12-13	10	5135	5225	98.28%	51.11	25.55	76.66	463.05	6.0				
2025-12-13	13	640	732	87.43%	1.14	0.57	1.71	62.07	36.3				
2025-12-14	10	4953	5225	94.79%	33.15	16.57	49.72	449.28	9.0				
2025-12-14	11	3819	4217	90.56%	20.66	10.33	30.99	348.52	11.2				
2025-12-14	11	4073	4217	96.59%	21.18	10.59	31.77	370.80	11.7				
2025-12-15	10	5185	5225	99.23%	46.32	23.16	69.48	470.10	6.8				
2025-12-15	11	3689	4217	87.48%	19.48	9.74	29.22	337.45	11.5				
2025-12-16	9	4250	5566	76.36%	10.62	5.31	15.93	502.68	31.6				
2025-12-16	11	4120	4217	97.70%	19.23	9.61	28.84	376.32	13.0				
2025-12-17	9	5729	5566	102.93%	40.32	20.16	60.48	518.10	8.6				
2025-12-21	10	5288	5225	101.21%	48.68	24.34	73.02	476.78	6.5				
2025-12-22	10	5255	5288	99.38%	45.09	22.54	67.63	475.35	7.0				
2025-12-22	11	4021	4412	91.14%	23.28	11.64	34.92	364.97	10.5				
2025-12-22	11	3994	4412	90.53%	44.7	22.35	67.05	363.20	5.4				
2025-12-22	12	1711	1964	87.12%	4.69	2.34	7.03	157.72	22.4				
2025-12-23	10	5239	5288	99.07%	44.57	22.28	66.85	473.93	7.1				
2025-12-23	10	5210	5288	98.52%	40.37	20.18	60.55	472.10	7.8				
2025-12-24	10	5440	5288	102.87%	57.83	28.91	86.74	490.58	5.7				
2025-12-24	-8	1429			2.48	1.24	3.72	139.75	37.6				
2025-12-24	-8	1352			2.1	1.05	3.15	132.27	42.0				
2025-12-24	13	77	732	10.52%	0.03082	0.01541	0.04623	11.12	240.5				
2025-12-24	11	3988	4412	90.39%	23.76	11.88	35.64	360.62	10.1				
2025-12-24	12	1570	1964	79.94%	4.75	2.37	7.12	145.33	20.4				
2025-12-25	10	5298	5440	97.39%	40.57	20.28	60.85	479.57	7.9				
2025-12-25	10	5231	5440	96.16%	46.42	23.21	69.63	473.98	6.8				
2025-12-25	10	5283	5440	97.11%	54.7	27.35	82.05	475.72	5.8				
2025-12-26	10	5320	5440	97.79%	48.58	24.29	72.87	480.83	6.6				
2025-12-26	10	5293	5440	97.30%	36.96	18.48	55.44	477.73	8.6				
2025-12-26	13	775	732	105.87%	1.49	0.74445	2.23445	73.55	32.9				
2025-12-26	-12	441			0.48813	0.24403	0.73216	126.98	173.4				
2025-12-26	12	1773	1964	90.27%	5.84	2.92	8.76	164.17	18.7				
2025-12-26	10	5451	5440	100.20%	48.46	24.23	72.69	489.33	6.7				
2025-12-26	11	3930	4412	89.08%	38.08	19.04	57.12	416.10	7.3				
2025-12-27	10	5206	5451	95.51%	48.27	24.13	72.4	470.77	6.5				
2025-12-28	10	5317	5451	97.54%	55.38	27.69	83.07	479.48	5.8				
2025-12-29	10	5387	5451	98.83%	57.43	28.71	86.14	484.87	5.6				
2025-12-29	10	5363	5451	98.39%	47.48	23.74	71.22	482.68	6.8				
2025-12-29	12	1859	1964	94.65%	6.06	3.03	9.09	170.85	18.8				
2025-12-30	10	5395	5451	98.97%	45.18	22.59	67.77	485.93	7.2				
2025-12-30	10	5501	5451	100.92%	62.8	31.4	94.2	495.05	5.3				
2025-12-30	12	1694	1964	86.25%	4.21	2.11	6.32	156.48	24.8				
2025-12-30	-8	1468			3.29	1.65	4.94	143.32	29.0				
2025-12-30	13	824	775	106.32%	2.55	1.27	3.82	78.45	20.5				
2025-12-31	10	5297	5501	96.29%	51.93	25.96	77.89	477.52	6.1				
2025-12-31	10	5409	5501	98.33%	63.68	31.84	95.52	488.78	5.1				
2025-12-31	11	3949	4412	89.51%	21.44	10.72	32.16	357.88	11.1				
2026-01-01	10	5334	5501	96.96%	44.76	22.38	67.14	481.57	7.2				
2026-01-01	10	5299	5501	96.33%			83.53	478.85	5.7				
2026-01-01	11	4259	4412	96.53%	25.34	12.67	38.01	387.43	10.2				
2026-01-02	10	5321	5501	96.73%	44.88	22.44	67.32	478.08	7.1				
2026-01-02	10	5376	5501	97.73%	57.31	28.65	85.96	485.53	5.6				
2026-01-03	10	5374	5501	97.69%	47.13	23.56	70.69	485.37	6.9				
2026-01-03	-12	426			0.59997	0.29994	0.89991	41.58	46.2				
2026-01-03	10	5325	5501	96.80%	53.97	26.98	80.95	482.23	6.0				
2026-01-03	12	2163	1964	110.13%	9.07	4.53	13.6	198.87	14.6				
2026-01-04	9	6006	5729	104.84%	48.26	24.13	72.39	543.97	7.5				
2026-01-04	11	3996	4412	90.57%	37.49	18.74	56.23	363.37	6.5				
2026-01-04	10	5263	5501	95.67%	54.54	27.27	81.81	473.57	5.8				
2026-01-05	10	5238	5501	95.22%	42.02	21.01	63.03	473.75	7.5				
2026-01-05	10	5176	5501	94.09%	55.1	27.55	82.65	467.00	5.7				
2026-01-05	12	1784	2163	82.48%	9.54	4.77	14.31	164.08	11.5				
2026-01-05	13	673	824	81.67%	1.61	0.80524	2.41524	64.05	26.5				
2026-01-05	14	188	253	74.31%	0.26398	0.13197	0.39595	20.68	52.2				
2026-01-06	10	5223	5501	94.95%	51.11	25.55	76.66	472.72	6.2				
2026-01-06	10	5260	5501	95.62%	62.01	31	93.01	475.15	5.1				
2026-01-06	11	3834	4412	86.90%	42.02	21.01	63.03	349.70	5.5				
2026-01-07	10	5335	5501	96.98%	53.87	26.93	80.8	482.08	6.0				
2026-01-07	-8	1431			6.36	3.18	9.54	139.98	14.7				
2026-01-07	-8	1465			5.4	2.7	8.1	142.77	17.6				
2026-01-07	10	5264	5501	95.69%	49.72	24.86	74.58	476.13	6.4				
2026-01-08	10	5220	5501	94.89%	48.42	24.21	72.63	472.55	6.5				
2026-01-08	10	5367	5501	97.56%	60.94	30.47	91.41	482.18	5.3				
2026-01-08	12	1939	2163	89.64%	9.4	4.7	14.1	177.43	12.6				
2026-01-09	10	5341	5501	97.09%	40.44	20.22	60.66	482.97	8.0				
2026-01-09	10	5445	5501	98.98%	60.51	30.25	90.76	489.57	5.4				
2026-01-09	12	1967	2163	90.94%			11.61	181.47	15.6				
2026-01-09	-12	406			0.59	0.29496	0.88496	39.55	44.7				
2026-01-10	10	5262	5501	95.66%	44.2	22.1	66.3	475.87	7.2				
2026-01-10	10	5303	5501	96.40%	51.17	25.58	76.75	476.20	6.2				
2026-01-10	11	3999	4412	90.64%	35.73	17.86	53.59	361.72	6.7				
2026-01-10	15	167	86	194.19%	0.44627	0.2231	0.66937	18.85	28.2				
2026-01-10	14	343	253	135.57%	1.27	0.63565	1.90565	34.42	18.1				
2026-01-11	10	5266	5501	95.73%	44.5	22.25	66.75	474.43	7.1				
2026-01-11	10	5399	5501	98.15%	62.36	31.18	93.54	486.75	5.2				
2026-01-11	11	4255	4412	96.44%	40.48	20.24	60.72	383.17	6.3				
2026-01-12	10	5374	5501	97.69%	51.55	25.77	77.32	484.63	6.3				
2026-01-12	10	5410	5501	98.35%	63.69	31.84	95.53	489.10	5.1				
2026-01-12	12	2284	2163	105.59%	15.78	7.89	23.67	208.65	8.8				
2026-01-12	13	828	824	100.49%	2.55	1.27	3.82	77.90	20.4				
2026-01-13	10	5225	5501	94.98%	56.46	28.23	84.69	471.13	5.6				
2026-01-13	11	4080	4412	92.48%	41.63	20.81	62.44	370.35	5.9				
2026-01-13	11	4185	4412	94.85%	32.71	16.35	49.06	378.23	7.7				
2026-01-14	-8	1487			3.46	1.73	5.19	145.03	27.9				
2026-01-14	10	5354	5501	97.33%	71.2	35.6	106.8	484.63	4.5				
2026-01-14	12	2212	2284	96.85%	12.37	6.19	18.56	203.47	11.0				
2026-01-14	13	822	828	99.28%	2.5	1.25	3.75	76.65	20.4				
2026-01-15	10	5336	5501	97.00%	48.78	24.39	73.17	482.73	6.6				
2026-01-15	10	5354	5501	97.33%	61.29	30.64	91.93	481.30	5.2				
2026-01-15	12	2233	2284	97.77%	12.73	6.36	19.09	204.35	10.7				
2026-01-15	13	827	828	99.88%	2.04	1.02	3.06	78.25	25.6				
2026-01-16	10	5289	5501	96.15%	71.03	35.51	106.54	478.32	4.5				
2026-01-16	10	5351	5501	97.27%	61.98	30.98	92.96	481.10	5.2				
2026-01-16	-12	355			0.8515	0.42569	1.27719	34.77	27.2				
2026-01-26	10	5431	5515	98.48%	74.69	37.34	112.03	488.82	4.4				
2026-01-26	12	2355	2412	97.64%	16.42	8.21	24.63	214.85	8.7				
2026-01-27	10	5414	5515	98.17%	70.17	35.08	105.25	487.62	4.6				
2026-01-27	10	5431	5515	98.48%	88.65	44.32	132.97	488.55	3.7				
2026-01-27	-12	426			0.9106	0.45523	1.36583	41.47	30.4				
2026-01-27	12	2287	2412	94.82%	14.03	7.02	21.05	210.08	10.0				
2026-01-28	10	5508	5515	99.87%	68.92	34.46	103.38	496.42	4.8				
2026-01-28	10	5407	5515	98.04%	78	38.98	116.98	488.22	4.2				
2026-01-28	12	1785	2412	74.00%	6.52	3.26	9.78	164.12	16.8				
2026-01-29	10	5499	5515	99.71%	80.86	40.42	121.28	494.72	4.1				
2026-01-29	12	1823	2414	75.52%	7.08	3.54	10.62	167.45	15.8				
2026-01-29	12	1989	2414	82.39%	10.05	5.02	15.07	183.32	12.2				
2026-01-30	10	5459	5515	98.98%	63.77	31.88	95.65	491.43	5.1				
2026-01-30	10	5514	5515	99.98%	86.55	43.27	129.82	496.72	3.8				
2026-01-30	-8	1579			4.49	2.24	6.73	154.53	23.0				
2026-01-31	10	5427	5515	98.40%	56.12	28.04	84.16	490.53	5.8				
2026-01-31	10	5533	5515	100.33%	76.04	37.99	114.03	497.95	4.4				
2026-01-31	12	1824	2414	75.56%	5.17	2.58	7.75	168.38	21.7				
2026-02-01	10	5386	5515	97.66%	57.45	28.7	86.15	484.83	5.6				
2026-02-01	10	5846	5515	106.00%	125.05	62.47	187.52	524.35	2.8				
2026-02-01	12	2405	2414	99.63%	17.54	8.76	26.3	219.63	8.4				
2026-02-02	10	5470	5846	93.57%	68.41	34.18	102.59	493.30	4.8				
2026-02-02	12	1774	2414	73.49%	6.03	3.01	9.04	163.15	18.0				
2026-02-02	11	4100	4412	92.93%	41.07	20.52	61.59	371.58	6.0				
2026-02-02	12	1692	2414	70.09%	5.65	2.82	8.47	155.97	18.4				
2026-02-03	10	5378	5846	91.99%	59.11	29.53	88.64	485.68	5.5				
2026-02-03	10	5455	5846	93.31%	89.04	44.48	133.52	489.70	3.7				
2026-02-03	11	4036	4412	91.48%	55.43	27.69	83.12	365.95	4.4				
2026-02-03	-8	1488			5.8	2.9	8.7	145.27	16.7				
2026-02-04	10	5491	5846	93.93%	68.77	34.36	103.13	495.57	4.8				
2026-02-04	10	5378	5846	91.99%	73.16	36.55	109.71	485.00	4.4				
2026-02-04	12	1764	2414	73.07%	5.77	2.88	8.65	162.02	18.7				
2026-02-05	10	5476	5846	93.67%	67.28	33.61	100.89	492.25	4.9				
2026-02-05	10	5512	5846	94.29%	87.34	43.64	130.98	495.03	3.8				
2026-02-05	12	2318	2414	96.02%	18.75	9.37	28.12	213.95	7.6				
2026-02-06	10	5525	5846	94.51%	87.48	43.71	131.19	497.20	3.8				
2026-02-06	10	5419	5846	92.70%	80.34	40.13	120.47	488.28	4.1				
2026-02-06	12	1899	2414	78.67%	6.95	3.47	10.42	175.30	16.8				
2026-02-06	-12	504			1.84	0.9178	2.7578	49.42	17.9				
2026-02-06	13	877	877	100.00%	3.37	1.68	5.05	82.87	16.4				
2026-02-07	10	5420	5846	92.71%	78.23	39.08	117.31	489.07	4.2				
2026-02-07	10	5520	5846	94.42%	112.12	56.02	168.14	496.10	3.0				
2026-02-08	10	5436	5846	92.99%	65.52	32.73	98.25	490.22	5.0				
2026-02-08	10	5488	5846	93.88%	76.23	38.08	114.31	494.17	4.3				
2026-02-08	12	2323	2414	96.23%	13.13	6.56	19.69	211.33	10.7				
2026-02-08	13	902	877	102.85%	3.61	1.8	5.41	84.87	15.7				
2026-02-09	10	5449	5846	93.21%	58.63	29.29	87.92	490.95	5.6				
2026-02-09	10	5521	5846	94.44%	89.62	44.78	134.4	497.58	3.7				
2026-02-09	11	4193	4412	95.04%	41.05	20.51	61.56	379.03	6.2				
2026-02-10	10	4387	5846	75.04%	69.25	34.6	103.85	486.53	4.7				
2026-02-10	10	5579	5846	95.43%	115.13	57.52	172.65	497.92	2.9				
2026-02-10	12	2016	2414	83.51%	12.82	6.4	19.22	184.90	9.6				
2026-02-10	-12	425			0.93133	0.46543	1.39676	41.73	29.9				
2026-02-10	13	882	902	97.78%	2.79	1.4	4.19	83.23	19.9				
2026-02-11	10	5351	5846	91.53%	66.79	33.37	100.16	482.92	4.8				
2026-02-11	10	5529	5846	94.58%	106.28	53.1	159.38	497.03	3.1				
2026-02-11	12	2514	2414	104.14%	33.33	16.65	49.98	231.35	4.6				
2026-02-11	13	882	902	97.78%	3.16	1.56	4.72	83.18	17.6				
2026-02-12	10	5516	5846	94.36%	79.49	39.71	119.2	497.48	4.2				
2026-02-12	10	5538	5846	94.73%	93.43	46.68	140.11	497.32	3.5				
2026-02-12	11	4268	4412	96.74%	40.67	20.32	60.99	384.12	6.3				
2026-02-13	10	5714	5846	97.74%	88.46	44.2	132.66	514.72	3.9				
2026-02-13	10	5714	5846	97.74%	127.7	63.81	191.51	512.57	2.7				
2026-02-13	11	4109	4412	93.13%	57.61	28.78	86.39	371.83	4.3				
2026-02-14	10	5549	5846	94.92%	90.39	45.16	135.55	496.40	3.7				
2026-02-14	-8	1630			4.38	2.19	6.57	159.80	24.3				
2026-02-14	10	5521	5846	94.44%	96.16	48.04	144.2	496.23	3.4				
2026-02-14	12	1880	2514	74.78%	6.77	3.38	10.15	172.65	17.0				
2026-02-15	10	5410	5846	92.54%	85.87	42.9	128.77	486.70	3.8				
2026-02-15	10	5515	5846	94.34%	88.85	44.38	133.23	496.98	3.7				
2026-02-15	12	1934	2514	76.93%	10.74	5.37	16.11	177.58	11.0				
2026-02-15	12	2186	2514	86.95%	16.5	8.24	24.74	200.28	8.1				
2026-02-16	10	5486	5846	93.84%	88.43	44.17	132.6	492.88	3.7				
2026-02-16	10	5465	5846	93.48%	103.28	51.59	154.87	492.63	3.2				
2026-02-16	12	2497	2514	99.32%	30.94	15.45	46.39	229.62	4.9				
2026-02-16	13	851	902	94.35%	4.75	2.37	7.12	79.43	11.2				
2026-02-17	10	5416	5846	92.64%	84.44	42.19	126.63	489.92	3.9				
2026-02-17	10	5527	5846	94.54%	123.88	61.89	185.77	495.55	2.7				
2026-02-17	12	2570	2514	102.23%	30.12	15.05	45.17	236.57	5.2				
2026-02-17	-8	1445			4.6	2.3	6.9	151.65	22.0				
2026-02-18	10	5497	5846	94.03%	82.73	41.33	124.06	495.98	4.0				
2026-02-18	-8	1438			5.82	2.91	8.73	140.87	16.1				
2026-02-18	10	5525	5846	94.51%	116.66	58.29	174.95	494.07	2.8				
2026-02-18	13	840	902	93.13%	4.74	2.37	7.11	79.55	11.2				
2026-02-18	15	134	167	80.24%	0.73012	0.36496	1.09508	15.12	13.8				
2026-02-19	10	5524	5846	94.49%	88.62	44.27	132.89	500.32	3.8				
2026-02-19	10	5512	5846	94.29%	145.37	72.63	218	495.05	2.3				
2026-02-19	12	1959	2570	76.23%	14.43	7.21	21.64	180.45	8.3				
2026-02-19	13	821	902	91.02%	2.41	1.21	3.62	77.90	21.5				
2026-02-20	10	5520	5846	94.42%	102.07	50.99	153.06	497.18	3.2				
2026-02-20	10	5689	5846	97.31%	133.53	66.71	200.24	508.83	2.5				
2026-02-20	13	777	902	86.14%	2.3	1.15	3.45	72.85	21.1				
2026-02-20	-12	266			1.06	0.53047	1.59047	25.48	16.0				
2026-02-20	12	2462	2570	95.80%	23.25	12.12	35.37	225.75	6.4				
2026-02-21	10	5483	5846	93.79%	97.37	48.64	146.01	494.02	3.4				
2026-02-21	10	5528	5846	94.56%	114.98	57.45	172.43	499.65	2.9				
2026-02-21	12	2413	2570	93.89%	20.07	10.02	30.09	220.03	7.3				
2026-02-22	10	5524	5846	94.49%	109.65	54.79	164.44	496.33	3.0				
2026-02-22	10	5501	5846	94.10%	133.48	66.68	200.16	492.90	2.5				
2026-02-22	13	841	902	93.24%	3.24	1.62	4.86	80.05	16.5				
2026-02-22	14	344	343	100.29%	1.85	0.92358	2.77358	34.88	12.6				
2026-02-23	10	5503	5846	94.13%	106.55	53.23	159.78	495.97	3.1				
2026-02-23	10	5629	5846	96.29%	104.28	52.1	156.38	507.32	3.2				
2026-02-23	12	2498	2570	97.20%	25.69	12.83	38.52	239.18	6.2				
2026-02-24	10	5567	5846	95.23%	113.5	56.7	170.2	502.68	3.0				
2026-02-24	10	5595	5846	95.71%	148.18	74.02	222.2	501.32	2.3	8450			
2026-02-24	14	413	344	120.06%	2.57	1.28	3.85	41.77	10.8	8450			
2026-02-24	14	422	413	102.18%	2.94	1.47	4.41	41.42	9.4	8450			
2026-02-24	13	871	902	96.56%	6.16	3.08	9.24	81.17	8.8	9040			
2026-02-24	-8	1533			7.55	3.77	11.32	150.37	13.3	10210			
2026-02-25	10	5503	5846	94.13%	81.33	40.63	121.96	496.90	4.1	10990			
2026-02-25	10		5846	0.00%			0	640.65	#N/A				
				0.00%			0	640.65	#N/A				
				0.00%			0	640.65	#N/A				
				0.00%			0	640.65	#N/A				
				0.00%			0	640.65	#N/A				
				0.00%			0	640.65	#N/A				
				0.00%			0	640.65	#N/A				
				0.00%			0	640.65	#N/A				
				0.00%			0	640.65	#N/A				
				0.00%			0	640.65	#N/A				
				0.00%			0	640.65	#N/A				
				0.00%			0	640.65	#N/A				
				0.00%			0	640.65	#N/A				
				0.00%			0	640.65	#N/A				
				0.00%			0	640.65	#N/A				
				0.00%			0	640.65	#N/A				
				0.00%			0	640.65	#N/A				
				0.00%			0	640.65	#N/A				
				0.00%			0	640.65	#N/A				
				0.00%			0	640.65	#N/A				
				0.00%			0	640.65	#N/A				
				0.00%			0	640.65	#N/A				
				0.00%			0	640.65	#N/A				
				0.00%			0	640.65	#N/A				
				0.00%			0	640.65	#N/A				
				0.00%			0	640.65	#N/A				
				0.00%			0	640.65	#N/A				
				0.00%			0	640.65	#N/A				
				0.00%			0	640.65	#N/A				
				0.00%			0	640.65	#N/A				
				0.00%			0	640.65	#N/A				
				0.00%			0	640.65	#N/A				
				0.00%			0	640.65	#N/A				
				0.00%			0	640.65	#N/A				
				0.00%			0	640.65	#N/A				
				0.00%			0	640.65	#N/A				
				0.00%			0	640.65	#N/A				
				0.00%			0	640.65	#N/A				
				0.00%			0	640.65	#N/A				
				0.00%			0	640.65	#N/A				
				0.00%			0	640.65	#N/A				
				0.00%			0	640.65	#N/A				
				0.00%			0	640.65	#N/A				
				0.00%			0	640.65	#N/A				
				0.00%			0	640.65	#N/A				
				0.00%			0	640.65	#N/A				
				0.00%			0	640.65	#N/A				
				0.00%			0	640.65	#N/A				
				0.00%			0	640.65	#N/A				
				0.00%			0	640.65	#N/A				
				0.00%			0	640.65	#N/A				
				0.00%			0	640.65	#N/A				
				0.00%			0	640.65	#N/A				
				0.00%			0	640.65	#N/A				
				0.00%			0	640.65	#N/A				
				0.00%			0	640.65	#N/A				
				0.00%			0	640.65	#N/A				
				0.00%			0	640.65	#N/A				
				0.00%			0	640.65	#N/A				
				0.00%			0	640.65	#N/A				
				0.00%			0	640.65	#N/A				
				0.00%			0	640.65	#N/A				
				0.00%			0	640.65	#N/A				
				0.00%			0	640.65	#N/A				
				0.00%			0	640.65	#N/A				
				0.00%			0	640.65	#N/A				
				0.00%			0	640.65	#N/A				
				0.00%			0	640.65	#N/A				
				0.00%			0	640.65	#N/A				
				0.00%			0	640.65	#N/A				
				0.00%			0	640.65	#N/A				
				0.00%			0	640.65	#N/A				
				0.00%			0	640.65	#N/A				
				0.00%			0	640.65	#N/A				
				0.00%			0	640.65	#N/A				
				0.00%			0	640.65	#N/A				
				0.00%			0	640.65	#N/A				
				0.00%			0	640.65	#N/A				
				0.00%			0	640.65	#N/A				
				0.00%			0	640.65	#N/A				
				0.00%			0	640.65	#N/A				
				0.00%			0	640.65	#N/A				
				0.00%			0	640.65	#N/A				
				0.00%			0	640.65	#N/A				
				0.00%			0	640.65	#N/A				
				0.00%			0	640.65	#N/A				
				0.00%			0	640.65	#N/A				
				0.00%			0	640.65	#N/A				
				0.00%			0	640.65	#N/A				
				0.00%			0	640.65	#N/A				
				0.00%			0	640.65	#N/A				
				0.00%			0	640.65	#N/A				
				0.00%			0	640.65	#N/A				
				0.00%			0	640.65	#N/A				
				0.00%			0	640.65	#N/A				
				0.00%			0	640.65	#N/A				
				0.00%			0	640.65	#N/A				
				0.00%			0	640.65	#N/A				
				0.00%			0	640.65	#N/A				
				0.00%			0	640.65	#N/A				
				0.00%			0	640.65	#N/A				
				0.00%			0	640.65	#N/A				
				0.00%			0	640.65	#N/A				
				0.00%			0	640.65	#N/A				
				0.00%			0	640.65	#N/A				
				0.00%			0	640.65	#N/A				
				0.00%			0	640.65	#N/A				
				0.00%			0	640.65	#N/A				
				0.00%			0	640.65	#N/A				
				0.00%			0	640.65	#N/A				
				0.00%			0	640.65	#N/A				
				0.00%			0	640.65	#N/A				
				0.00%			0	640.65	#N/A				
				0.00%			0	640.65	#N/A				
				0.00%			0	640.65	#N/A				
				0.00%			0	640.65	#N/A				
				0.00%			0	640.65	#N/A				
				0.00%			0	640.65	#N/A				
				0.00%			0	640.65	#N/A				
				0.00%			0	640.65	#N/A				
				0.00%			0	640.65	#N/A				
				0.00%			0	640.65	#N/A				
				0.00%			0	640.65	#N/A				
				0.00%			0	640.65	#N/A				
				0.00%			0	640.65	#N/A				
				0.00%			0	640.65	#N/A				
				0.00%			0	640.65	#N/A				
				0.00%			0	640.65	#N/A				
				0.00%			0	640.65	#N/A				
				0.00%			0	640.65	#N/A				
				0.00%			0	640.65	#N/A				
				0.00%			0	640.65	#N/A				
				0.00%			0	640.65	#N/A				
				0.00%			0	640.65	#N/A				
				0.00%			0	640.65	#N/A				
				0.00%			0	640.65	#N/A				
				0.00%			0	640.65	#N/A				
				0.00%			0	640.65	#N/A				
				0.00%			0	640.65	#N/A				
				0.00%			0	640.65	#N/A				
				0.00%			0	640.65	#N/A				
				0.00%			0	640.65	#N/A				
				0.00%			0	640.65	#N/A				
				0.00%			0	640.65	#N/A				
				0.00%			0	640.65	#N/A				
				0.00%			0	640.65	#N/A				
				0.00%			0	640.65	#N/A				
				0.00%			0	640.65	#N/A				
				0.00%			0	640.65	#N/A				
				0.00%			0	640.65	#N/A				
				0.00%			0	640.65	#N/A				
				0.00%			0	640.65	#N/A				
				0.00%			0	640.65	#N/A				
				0.00%			0	640.65	#N/A				
				0.00%			0	640.65	#N/A				
				0.00%			0	640.65	#N/A				
				0.00%			0	640.65	#N/A				
				0.00%			0	640.65	#N/A				
				0.00%			0	640.65	#N/A				
				0.00%			0	640.65	#N/A				
				0.00%			0	640.65	#N/A				
				0.00%			0	640.65	#N/A				
				0.00%			0	640.65	#N/A				
				0.00%			0	640.65	#N/A				
				0.00%			0	640.65	#N/A				
				0.00%			0	640.65	#N/A				
				0.00%			0	640.65	#N/A				
				0.00%			0	640.65	#N/A				
				0.00%			0	640.65	#N/A				
				0.00%			0	640.65	#N/A				
				0.00%			0	640.65	#N/A				
				0.00%			0	640.65	#N/A				
				0.00%			0	640.65	#N/A				
				0.00%			0	640.65	#N/A				
				0.00%			0	640.65	#N/A				
				0.00%			0	640.65	#N/A				
				0.00%			0	640.65	#N/A				
				0.00%			0	640.65	#N/A				
				0.00%			0	640.65	#N/A				
				0.00%			0	640.65	#N/A				
				0.00%			0	640.65	#N/A				
				0.00%			0	640.65	#N/A				
				0.00%			0	640.65	#N/A				
				0.00%			0	640.65	#N/A				
				0.00%			0	640.65	#N/A				
				0.00%			0	640.65	#N/A				
				0.00%			0	640.65	#N/A				
				0.00%			0	640.65	#N/A				
				0.00%			0	640.65	#N/A				
				0.00%			0	640.65	#N/A				
				0.00%			0	640.65	#N/A				
				0.00%			0	640.65	#N/A				
				0.00%			0	640.65	#N/A				
				0.00%			0	640.65	#N/A				
				0.00%			0	640.65	#N/A				
				0.00%			0	640.65	#N/A				
				0.00%			0	640.65	#N/A				
				0.00%			0	640.65	#N/A				
				0.00%			0	640.65	#N/A				
				0.00%			0	640.65	#N/A				
				0.00%			0	640.65	#N/A				
				0.00%			0	640.65	#N/A				
				0.00%			0	640.65	#N/A				
				0.00%			0	640.65	#N/A				
				0.00%			0	640.65	#N/A				
				0.00%			0	640.65	#N/A				
				0.00%			0	640.65	#N/A				
				0.00%			0	640.65	#N/A				
				0.00%			0	640.65	#N/A				
				0.00%			0	640.65	#N/A				
				0.00%			0	640.65	#N/A				
				0.00%			0	640.65	#N/A				
				0.00%			0	640.65	#N/A				
				0.00%			0	640.65	#N/A				
				0.00%			0	640.65	#N/A				
				0.00%			0	640.65	#N/A				
				0.00%			0	640.65	#N/A				
				0.00%			0	640.65	#N/A				
				0.00%			0	640.65	#N/A				
				0.00%			0	640.65	#N/A				
				0.00%			0	640.65	#N/A				
				0.00%			0	640.65	#N/A				
				0.00%			0	640.65	#N/A				
				0.00%			0	640.65	#N/A				
				0.00%			0	640.65	#N/A				
				0.00%			0	640.65	#N/A				
				0.00%			0	640.65	#N/A				
				0.00%			0	640.65	#N/A				
				0.00%			0	640.65	#N/A				
				0.00%			0	640.65	#N/A				
				0.00%			0	640.65	#N/A				
				0.00%			0	640.65	#N/A				
				0.00%			0	640.65	#N/A				
				0.00%			0	640.65	#N/A				
				0.00%			0	640.65	#N/A				
				0.00%			0	640.65	#N/A				
				0.00%			0	640.65	#N/A				
				0.00%			0	640.65	#N/A				
				0.00%			0	640.65	#N/A				
				0.00%			0	640.65	#N/A				
				0.00%			0	640.65	#N/A				
				0.00%			0	640.65	#N/A				
				0.00%			0	640.65	#N/A				
				0.00%			0	640.65	#N/A				
				0.00%			0	640.65	#N/A				
				0.00%			0	640.65	#N/A				
				0.00%			0	640.65	#N/A				
				0.00%			0	640.65	#N/A				
				0.00%			0	640.65	#N/A				
				0.00%			0	640.65	#N/A				
				0.00%			0	640.65	#N/A				
				0.00%			0	640.65	#N/A				
				0.00%			0	640.65	#N/A				
				0.00%			0	640.65	#N/A				
				0.00%			0	640.65	#N/A				
				0.00%			0	640.65	#N/A				
				0.00%			0	640.65	#N/A				
				0.00%			0	640.65	#N/A				
				0.00%			0	640.65	#N/A				
				0.00%			0	640.65	#N/A				
				0.00%			0	640.65	#N/A				
				0.00%			0	640.65	#N/A				
				0.00%			0	640.65	#N/A				
				0.00%			0	640.65	#N/A				
				0.00%			0	640.65	#N/A				
				0.00%			0	640.65	#N/A				
				0.00%			0	640.65	#N/A				
				0.00%			0	640.65	#N/A				
				0.00%			0	640.65	#N/A				
				0.00%			0	640.65	#N/A				
				0.00%			0	640.65	#N/A				
				0.00%			0	640.65	#N/A				
				0.00%			0	640.65	#N/A				
				0.00%			0	640.65	#N/A				
				0.00%			0	640.65	#N/A				
				0.00%			0	640.65	#N/A				
				0.00%			0	640.65	#N/A				
				0.00%			0	640.65	#N/A				
				0.00%			0	640.65	#N/A				
				0.00%			0	640.65	#N/A				
				0.00%			0	640.65	#N/A				
				0.00%			0	640.65	#N/A				
				0.00%			0	640.65	#N/A				
				0.00%			0	640.65	#N/A				
				0.00%			0	640.65	#N/A				
				0.00%			0	640.65	#N/A				
				0.00%			0	640.65	#N/A				
				0.00%			0	640.65	#N/A				
				0.00%			0	640.65	#N/A				
				0.00%			0	640.65	#N/A				
				0.00%			0	640.65	#N/A				
				0.00%			0	640.65	#N/A				
				0.00%			0	640.65	#N/A				
				0.00%			0	640.65	#N/A				
				0.00%			0	640.65	#N/A				
				0.00%			0	640.65	#N/A				
				0.00%			0	640.65	#N/A				
				0.00%			0	640.65	#N/A				
				0.00%			0	640.65	#N/A				
				0.00%			0	640.65	#N/A				
				0.00%			0	640.65	#N/A				
				0.00%			0	640.65	#N/A				
				0.00%			0	640.65	#N/A				
				0.00%			0	640.65	#N/A				
				0.00%			0	640.65	#N/A				
				0.00%			0	640.65	#N/A				
				0.00%			0	640.65	#N/A				
				0.00%			0	640.65	#N/A				
				0.00%			0	640.65	#N/A				
				0.00%			0	640.65	#N/A				
				0.00%			0	640.65	#N/A				
				0.00%			0	640.65	#N/A				
				0.00%			0	640.65	#N/A				
				0.00%			0	640.65	#N/A				
				0.00%			0	640.65	#N/A				
				0.00%			0	640.65	#N/A				
				0.00%			0	640.65	#N/A				
				0.00%			0	640.65	#N/A				
				0.00%			0	640.65	#N/A				
				0.00%			0	640.65	#N/A				
				0.00%			0	640.65	#N/A				
				0.00%			0	640.65	#N/A				
				0.00%			0	640.65	#N/A				
				0.00%			0	640.65	#N/A				
				0.00%			0	640.65	#N/A				
				0.00%			0	640.65	#N/A				
				0.00%			0	640.65	#N/A				
				0.00%			0	640.65	#N/A				
				0.00%			0	640.65	#N/A				
				0.00%			0	640.65	#N/A				
				0.00%			0	640.65	#N/A				
				0.00%			0	640.65	#N/A				
				0.00%			0	640.65	#N/A				
				0.00%			0	640.65	#N/A				
				0.00%			0	640.65	#N/A				
				0.00%			0	640.65	#N/A				
				0.00%			0	640.65	#N/A				
				0.00%			0	640.65	#N/A				
				0.00%			0	640.65	#N/A				
				0.00%			0	640.65	#N/A				
				0.00%			0	640.65	#N/A				
				0.00%			0	640.65	#N/A				
				0.00%			0	640.65	#N/A				
				0.00%			0	640.65	#N/A				
				0.00%			0	640.65	#N/A				
				0.00%			0	640.65	#N/A				
				0.00%			0	640.65	#N/A				
				0.00%			0	640.65	#N/A				
				0.00%			0	640.65	#N/A				
				0.00%			0	640.65	#N/A				
				0.00%			0	640.65	#N/A				
				0.00%			0	640.65	#N/A				
				0.00%			0	640.65	#N/A				
				0.00%			0	640.65	#N/A				
				0.00%			0	640.65	#N/A				
				0.00%			0	640.65	#N/A				
				0.00%			0	640.65	#N/A				
				0.00%			0	640.65	#N/A				
				0.00%			0	640.65	#N/A				
				0.00%			0	640.65	#N/A				
				0.00%			0	640.65	#N/A				
				0.00%			0	640.65	#N/A				
				0.00%			0	640.65	#N/A				
				0.00%			0	640.65	#N/A				
				0.00%			0	640.65	#N/A				
				0.00%			0	640.65	#N/A				
				0.00%			0	640.65	#N/A				
				0.00%			0	640.65	#N/A				
				0.00%			0	640.65	#N/A				
				0.00%			0	640.65	#N/A				
				0.00%			0	640.65	#N/A				
				0.00%			0	640.65	#N/A				
				0.00%			0	640.65	#N/A				
				0.00%			0	640.65	#N/A				
				0.00%			0	640.65	#N/A				
				0.00%			0	640.65	#N/A				
				0.00%			0	640.65	#N/A				
				0.00%			0	640.65	#N/A				
				0.00%			0	640.65	#N/A				
				0.00%			0	640.65	#N/A				
				0.00%			0	640.65	#N/A				
				0.00%			0	640.65	#N/A				
				0.00%			0	640.65	#N/A				
				0.00%			0	640.65	#N/A				
				0.00%			0	640.65	#N/A				
				0.00%			0	640.65	#N/A				
				0.00%			0	640.65	#N/A				
				0.00%			0	640.65	#N/A				
				0.00%			0	640.65	#N/A				
				0.00%			0	640.65	#N/A				
				0.00%			0	640.65	#N/A				
				0.00%			0	640.65	#N/A				
				0.00%			0	640.65	#N/A				
				0.00%			0	640.65	#N/A				
				0.00%			0	640.65	#N/A				
				0.00%			0	640.65	#N/A				
				0.00%			0	640.65	#N/A				
				0.00%			0	640.65	#N/A				
				0.00%			0	640.65	#N/A				
				0.00%			0	640.65	#N/A				
				0.00%			0	640.65	#N/A				
				0.00%			0	640.65	#N/A				
				0.00%			0	640.65	#N/A				
				0.00%			0	640.65	#N/A				
				0.00%			0	640.65	#N/A				
				0.00%			0	640.65	#N/A				
				0.00%			0	640.65	#N/A				
				0.00%			0	640.65	#N/A				
				0.00%			0	640.65	#N/A				
				0.00%			0	640.65	#N/A				
				0.00%			0	640.65	#N/A				
				0.00%			0	640.65	#N/A				
				0.00%			0	640.65	#N/A				
				0.00%			0	640.65	#N/A				
				0.00%			0	640.65	#N/A				
				0.00%			0	640.65	#N/A				
				0.00%			0	640.65	#N/A				
				0.00%			0	640.65	#N/A				
				0.00%			0	640.65	#N/A				
				0.00%			0	640.65	#N/A				
				0.00%			0	640.65	#N/A				
				0.00%			0	640.65	#N/A				
				0.00%			0	640.65	#N/A				
				0.00%			0	640.65	#N/A				
				0.00%			0	640.65	#N/A				
				0.00%			0	640.65	#N/A				
				0.00%			0	640.65	#N/A				
				0.00%			0	640.65	#N/A				
				0.00%			0	640.65	#N/A				
				0.00%			0	640.65	#N/A				
				0.00%			0	640.65	#N/A				
				0.00%			0	640.65	#N/A				
				0.00%			0	640.65	#N/A				
				0.00%			0	640.65	#N/A				
				0.00%			0	640.65	#N/A				
				0.00%			0	640.65	#N/A				
				0.00%			0	640.65	#N/A				
				0.00%			0	640.65	#N/A				
				0.00%			0	640.65	#N/A				
				0.00%			0	640.65	#N/A				
				0.00%			0	640.65	#N/A				
				0.00%			0	640.65	#N/A				
				0.00%			0	640.65	#N/A				
				0.00%			0	640.65	#N/A				
				0.00%			0	640.65	#N/A				
				0.00%			0	640.65	#N/A				
				0.00%			0	640.65	#N/A				
				0.00%			0	640.65	#N/A				
				0.00%			0	640.65	#N/A				
				0.00%			0	640.65	#N/A				
				0.00%			0	640.65	#N/A				
				0.00%			0	640.65	#N/A				
				0.00%			0	640.65	#N/A				
				0.00%			0	640.65	#N/A				
				0.00%			0	640.65	#N/A				
				0.00%			0	640.65	#N/A				
				0.00%			0	640.65	#N/A				
				0.00%			0	640.65	#N/A				
				0.00%			0	640.65	#N/A				
				0.00%			0	640.65	#N/A				
				0.00%			0	640.65	#N/A				
				0.00%			0	640.65	#N/A				
				0.00%			0	640.65	#N/A				
				0.00%			0	640.65	#N/A				
				0.00%			0	640.65	#N/A				
				0.00%			0	640.65	#N/A				
				0.00%			0	640.65	#N/A				
				0.00%			0	640.65	#N/A				
				0.00%			0	640.65	#N/A				
				0.00%			0	640.65	#N/A				
				0.00%			0	640.65	#N/A				
				0.00%			0	640.65	#N/A				
				0.00%			0	640.65	#N/A				
				0.00%			0	640.65	#N/A				
				0.00%			0	640.65	#N/A				
				0.00%			0	640.65	#N/A				
				0.00%			0	640.65	#N/A				
				0.00%			0	640.65	#N/A				
				0.00%			0	640.65	#N/A				
				0.00%			0	640.65	#N/A				
				0.00%			0	640.65	#N/A				
				0.00%			0	640.65	#N/A				
				0.00%			0	640.65	#N/A				
				0.00%			0	640.65	#N/A				
				0.00%			0	640.65	#N/A				
				0.00%			0	640.65	#N/A				
				0.00%			0	640.65	#N/A				
				0.00%			0	640.65	#N/A				
				0.00%			0	640.65	#N/A				
				0.00%			0	640.65	#N/A				
				0.00%			0	640.65	#N/A				
				0.00%			0	640.65	#N/A				
				0.00%			0	640.65	#N/A				
				0.00%			0	640.65	#N/A				
				0.00%			0	640.65	#N/A				
				0.00%			0	640.65	#N/A				
				0.00%			0	640.65	#N/A				
				0.00%			0	640.65	#N/A				
				0.00%			0	640.65	#N/A				
				0.00%			0	640.65	#N/A				
				0.00%			0	640.65	#N/A				
				0.00%			0	640.65	#N/A				
				0.00%			0	640.65	#N/A				
				0.00%			0	640.65	#N/A				
				0.00%			0	640.65	#N/A				
				0.00%			0	640.65	#N/A				
				0.00%			0	640.65	#N/A				
				0.00%			0	640.65	#N/A				
				0.00%			0	640.65	#N/A				
				0.00%			0	640.65	#N/A				
				0.00%			0	640.65	#N/A				
				0.00%			0	640.65	#N/A				
				0.00%			0	640.65	#N/A				
				0.00%			0	640.65	#N/A				
				0.00%			0	640.65	#N/A				
				0.00%			0	640.65	#N/A				
				0.00%			0	640.65	#N/A				
				0.00%			0	640.65	#N/A				
				0.00%			0	640.65	#N/A				
				0.00%			0	640.65	#N/A				
				0.00%			0	640.65	#N/A				
				0.00%			0	640.65	#N/A				
				0.00%			0	640.65	#N/A				
				0.00%			0	640.65	#N/A				
				0.00%			0	640.65	#N/A				
				0.00%			0	640.65	#N/A				
				0.00%			0	640.65	#N/A				
				0.00%			0	640.65	#N/A				
				0.00%			0	640.65	#N/A				
				0.00%			0	640.65	#N/A				
				0.00%			0	640.65	#N/A				
				0.00%			0	640.65	#N/A				
				0.00%			0	640.65	#N/A				
				0.00%			0	640.65	#N/A				
				0.00%			0	640.65	#N/A				
				0.00%			0	640.65	#N/A				
				0.00%			0	640.65	#N/A				
				0.00%			0	640.65	#N/A				
				0.00%			0	640.65	#N/A				
				0.00%			0	640.65	#N/A				
				0.00%			0	640.65	#N/A				
				0.00%			0	640.65	#N/A				
				0.00%			0	640.65	#N/A				
				0.00%			0	640.65	#N/A				
				0.00%			0	640.65	#N/A				
				0.00%			0	640.65	#N/A				
				0.00%			0	640.65	#N/A				
				0.00%			0	640.65	#N/A				
				0.00%			0	640.65	#N/A				
				0.00%			0	640.65	#N/A				
				0.00%			0	640.65	#N/A				
				0.00%			0	640.65	#N/A				
				0.00%			0	640.65	#N/A				
				0.00%			0	640.65	#N/A				
				0.00%			0	640.65	#N/A				
				0.00%			0	640.65	#N/A				
				0.00%			0	640.65	#N/A				
				0.00%			0	640.65	#N/A				
				0.00%			0	640.65	#N/A				
				0.00%			0	640.65	#N/A				
				0.00%			0	640.65	#N/A				
				0.00%			0	640.65	#N/A				
				0.00%			0	640.65	#N/A				
				0.00%			0	640.65	#N/A				
				0.00%			0	640.65	#N/A				
				0.00%			0	640.65	#N/A				
				0.00%			0	640.65	#N/A				
				0.00%			0	640.65	#N/A				
				0.00%			0	640.65	#N/A				
				0.00%			0	640.65	#N/A				
				0.00%			0	640.65	#N/A				
				0.00%			0	640.65	#N/A				
				0.00%			0	640.65	#N/A				
				0.00%			0	640.65	#N/A				
				0.00%			0	640.65	#N/A				
				0.00%			0	640.65	#N/A				
				0.00%			0	640.65	#N/A				
				0.00%			0	640.65	#N/A				
				0.00%			0	640.65	#N/A				
				0.00%			0	640.65	#N/A				
				0.00%			0	640.65	#N/A				
				0.00%			0	640.65	#N/A				
				0.00%			0	640.65	#N/A				
				0.00%			0	640.65	#N/A				
				0.00%			0	640.65	#N/A				
				0.00%			0	640.65	#N/A				
				0.00%			0	640.65	#N/A				
				0.00%			0	640.65	#N/A				
				0.00%			0	640.65	#N/A				
				0.00%			0	640.65	#N/A				
				0.00%			0	640.65	#N/A				
				0.00%			0	640.65	#N/A				
				0.00%			0	640.65	#N/A				
				0.00%			0	640.65	#N/A				
				0.00%			0	640.65	#N/A				
				0.00%			0	640.65	#N/A				
				0.00%			0	640.65	#N/A				
				0.00%			0	640.65	#N/A				
				0.00%			0	640.65	#N/A				
				0.00%			0	640.65	#N/A				
				0.00%			0	640.65	#N/A				
				0.00%			0	640.65	#N/A				
				0.00%			0	640.65	#N/A				
				0.00%			0	640.65	#N/A				
				0.00%			0	640.65	#N/A				
				0.00%			0	640.65	#N/A				
				0.00%			0	640.65	#N/A				
				0.00%			0	640.65	#N/A				
				0.00%			0	640.65	#N/A				
				0.00%			0	640.65	#N/A				
				0.00%			0	640.65	#N/A				
				0.00%			0	640.65	#N/A				
				0.00%			0	640.65	#N/A				
				0.00%			0	640.65	#N/A				
				0.00%			0	640.65	#N/A				
				0.00%			0	640.65	#N/A				
				0.00%			0	640.65	#N/A				
				0.00%			0	640.65	#N/A				
				0.00%			0	640.65	#N/A				
				0.00%			0	640.65	#N/A				
				0.00%			0	640.65	#N/A				
				0.00%			0	640.65	#N/A				
				0.00%			0	640.65	#N/A				
				0.00%			0	640.65	#N/A				
				0.00%			0	640.65	#N/A				
				0.00%			0	640.65	#N/A				
				0.00%			0	640.65	#N/A				
				0.00%			0	640.65	#N/A				
				0.00%			0	640.65	#N/A				
				0.00%			0	640.65	#N/A				
				0.00%			0	640.65	#N/A				
				0.00%			0	640.65	#N/A				
				0.00%			0	640.65	#N/A				
				0.00%			0	640.65	#N/A				
				0.00%			0	640.65	#N/A				
				0.00%			0	640.65	#N/A				
				0.00%			0	640.65	#N/A				
				0.00%			0	640.65	#N/A				
				0.00%			0	640.65	#N/A				
				0.00%			0	640.65	#N/A				
				0.00%			0	640.65	#N/A				
				0.00%			0	640.65	#N/A				
				0.00%			0	640.65	#N/A				
				0.00%			0	640.65	#N/A				
				0.00%			0	640.65	#N/A				
				0.00%			0	640.65	#N/A				
				0.00%			0	640.65	#N/A				
				0.00%			0	640.65	#N/A				
				0.00%			0	640.65	#N/A				
				0.00%			0	640.65	#N/A				
				0.00%			0	640.65	#N/A				
				0.00%			0	640.65	#N/A				
				0.00%			0	640.65	#N/A				
				0.00%			0	640.65	#N/A				
				0.00%			0	640.65	#N/A				
				0.00%			0	640.65	#N/A				
				0.00%			0	640.65	#N/A				
				0.00%			0	640.65	#N/A				
				0.00%			0	640.65	#N/A				
				0.00%			0	640.65	#N/A				
				0.00%			0	640.65	#N/A				
				0.00%			0	640.65	#N/A				
				0.00%			0	640.65	#N/A				
				0.00%			0	640.65	#N/A				
				0.00%			0	640.65	#N/A				
				0.00%			0	640.65	#N/A				
				0.00%			0	640.65	#N/A				
				0.00%			0	640.65	#N/A				
				0.00%			0	640.65	#N/A				
				0.00%			0	640.65	#N/A				
				0.00%			0	640.65	#N/A				
				0.00%			0	640.65	#N/A				
				0.00%			0	640.65	#N/A				
				0.00%			0	640.65	#N/A				
				0.00%			0	640.65	#N/A				
				0.00%			0	640.65	#N/A				
				0.00%			0	640.65	#N/A				
				0.00%			0	640.65	#N/A				
				0.00%			0	640.65	#N/A				
				0.00%			0	640.65	#N/A				
				0.00%			0	640.65	#N/A				
				0.00%			0	640.65	#N/A				
				0.00%			0	640.65	#N/A				
				0.00%			0	640.65	#N/A				
				0.00%			0	640.65	#N/A				
				0.00%			0	640.65	#N/A				
				0.00%			0	640.65	#N/A				
				0.00%			0	640.65	#N/A				
				0.00%			0	640.65	#N/A				
				0.00%			0	640.65	#N/A				
				0.00%			0	640.65	#N/A				
				0.00%			0	640.65	#N/A				
				0.00%			0	640.65	#N/A				
				0.00%			0	640.65	#N/A				
				0.00%			0	640.65	#N/A				
				0.00%			0	640.65	#N/A				
				0.00%			0	640.65	#N/A				
				0.00%			0	640.65	#N/A				
				0.00%			0	640.65	#N/A				
				0.00%			0	640.65	#N/A				
				0.00%			0	640.65	#N/A				
				0.00%			0	640.65	#N/A				
				0.00%			0	640.65	#N/A				
				0.00%			0	640.65	#N/A				
				0.00%			0	640.65	#N/A				
				0.00%			0	640.65	#N/A				
				0.00%			0	640.65	#N/A				
				0.00%			0	640.65	#N/A				
				0.00%			0	640.65	#N/A				
				0.00%			0	640.65	#N/A				
				0.00%			0	640.65	#N/A				
				0.00%			0	640.65	#N/A				
				0.00%			0	640.65	#N/A				
				0.00%			0	640.65	#N/A				
				0.00%			0	640.65	#N/A				
				0.00%			0	640.65	#N/A				
				0.00%			0	640.65	#N/A				
				0.00%			0	640.65	#N/A				
				0.00%			0	640.65	#N/A				
				0.00%			0	640.65	#N/A				
				0.00%			0	640.65	#N/A				
				0.00%			0	640.65	#N/A				
				0.00%			0	640.65	#N/A				
				0.00%			0	640.65	#N/A				
				0.00%			0	640.65	#N/A				
				0.00%			0	640.65	#N/A				
				0.00%			0	640.65	#N/A				
				0.00%			0	640.65	#N/A				
				0.00%			0	640.65	#N/A				
				0.00%			0	640.65	#N/A				
				0.00%			0	640.65	#N/A				
				0.00%			0	640.65	#N/A				
				0.00%			0	640.65	#N/A				
				0.00%			0	640.65	#N/A				
				0.00%			0	640.65	#N/A				
				0.00%			0	640.65	#N/A				
				0.00%			0	640.65	#N/A				
				0.00%			0	640.65	#N/A				
				0.00%			0	640.65	#N/A				
				0.00%			0	640.65	#N/A				
				0.00%			0	640.65	#N/A				
				0.00%			0	640.65	#N/A				
				0.00%			0	640.65	#N/A				
				0.00%			0	640.65	#N/A				
				0.00%			0	640.65	#N/A				
				0.00%			0	640.65	#N/A				
				0.00%			0	640.65	#N/A				
				0.00%			0	640.65	#N/A				
				0.00%			0	640.65	#N/A				
				0.00%			0	640.65	#N/A				
				0.00%			0	640.65	#N/A				
				0.00%			0	640.65	#N/A				
				0.00%			0	640.65	#N/A				
				0.00%			0	640.65	#N/A				
				0.00%			0	640.65	#N/A				
				0.00%			0	640.65	#N/A				
				0.00%			0	640.65	#N/A				
				0.00%			0	640.65	#N/A				
				0.00%			0	640.65	#N/A				
				0.00%			0	640.65	#N/A				
				0.00%			0	640.65	#N/A				
				0.00%			0	640.65	#N/A				
				0.00%			0	640.65	#N/A				
				0.00%			0	640.65	#N/A				
				0.00%			0	640.65	#N/A				
				0.00%			0	640.65	#N/A				
				0.00%			0	640.65	#N/A				
				0.00%			0	640.65	#N/A				
				0.00%			0	640.65	#N/A				
				0.00%			0	640.65	#N/A				
				0.00%			0	640.65	#N/A				
				0.00%			0	640.65	#N/A				
				0.00%			0	640.65	#N/A				
				0.00%			0	640.65	#N/A				
				0.00%			0	640.65	#N/A				
				0.00%			0	640.65	#N/A				
				0.00%			0	640.65	#N/A				
				0.00%			0	640.65	#N/A				
				0.00%			0	640.65	#N/A				
				0.00%			0	640.65	#N/A				
				0.00%			0	640.65	#N/A				
				0.00%			0	640.65	#N/A				
				0.00%			0	640.65	#N/A				
				0.00%			0	640.65	#N/A				
				0.00%			0	640.65	#N/A				
				0.00%			0	640.65	#N/A				
				0.00%			0	640.65	#N/A				
				0.00%			0	640.65	#N/A				
				0.00%			0	640.65	#N/A				
				0.00%			0	640.65	#N/A				
				0.00%			0	640.65	#N/A				
				0.00%			0	640.65	#N/A				
				0.00%			0	640.65	#N/A				
				0.00%			0	640.65	#N/A				
				0.00%			0	640.65	#N/A				
				0.00%			0	640.65	#N/A				
				0.00%			0	640.65	#N/A				
				0.00%			0	640.65	#N/A				
				0.00%			0	640.65	#N/A				
				0.00%			0	640.65	#N/A				
				0.00%			0	640.65	#N/A				
				0.00%			0	640.65	#N/A				
				0.00%			0	640.65	#N/A				
				0.00%			0	640.65	#N/A				
				0.00%			0	640.65	#N/A				
				0.00%			0	640.65	#N/A				
				0.00%			0	640.65	#N/A				
				0.00%			0	640.65	#N/A				
				0.00%			0	640.65	#N/A				
				0.00%			0	640.65	#N/A				
				0.00%			0	640.65	#N/A				
				0.00%			0	640.65	#N/A				
				0.00%			0	640.65	#N/A				
				0.00%			0	640.65	#N/A				
				0.00%			0	640.65	#N/A				
				0.00%			0	640.65	#N/A				
				0.00%			0	640.65	#N/A				
				0.00%			0	640.65	#N/A				
				0.00%			0	640.65	#N/A				
				0.00%			0	640.65	#N/A				
				0.00%			0	640.65	#N/A				
				0.00%			0	640.65	#N/A				
				0.00%			0	640.65	#N/A				
				0.00%			0	640.65	#N/A				
				0.00%			0	640.65	#N/A				
				0.00%			0	640.65	#N/A				
				0.00%			0	640.65	#N/A				
				0.00%			0	640.65	#N/A				
				0.00%			0	640.65	#N/A				
				0.00%			0	640.65	#N/A				
				0.00%			0	640.65	#N/A				
				0.00%			0	640.65	#N/A				
				0.00%			0	640.65	#N/A				
				0.00%			0	640.65	#N/A				
				0.00%			0	640.65	#N/A				
				0.00%			0	640.65	#N/A				
				0.00%			0	640.65	#N/A				
				0.00%			0	640.65	#N/A				
				0.00%			0	640.65	#N/A				
				0.00%			0	640.65	#N/A				
				0.00%			0	640.65	#N/A				
				0.00%			0	640.65	#N/A				
				0.00%			0	640.65	#N/A				
				0.00%			0	640.65	#N/A				
				0.00%			0	640.65	#N/A				
				0.00%			0	640.65	#N/A				
				0.00%			0	640.65	#N/A				
				0.00%			0	640.65	#N/A				
				0.00%			0	640.65	#N/A				
				0.00%			0	640.65	#N/A				
				0.00%			0	640.65	#N/A				
				0.00%			0	640.65	#N/A				
				0.00%			0	640.65	#N/A				
				0.00%			0	640.65	#N/A				
				0.00%			0	640.65	#N/A				
				0.00%			0	640.65	#N/A				
				0.00%			0	640.65	#N/A				
				0.00%			0	640.65	#N/A				
				0.00%			0	640.65	#N/A				
				0.00%			0	640.65	#N/A				
				0.00%			0	640.65	#N/A				
				0.00%			0	640.65	#N/A				
				0.00%			0	640.65	#N/A				
				0.00%			0	640.65	#N/A				
				0.00%			0	640.65	#N/A				
				0.00%			0	640.65	#N/A				
				0.00%			0	640.65	#N/A				
				0.00%			0	640.65	#N/A				
				0.00%			0	640.65	#N/A				
				0.00%			0	640.65	#N/A				
				0.00%			0	640.65	#N/A				
				0.00%			0	640.65	#N/A				
				0.00%			0	640.65	#N/A				
				0.00%			0	640.65	#N/A				
				0.00%			0	640.65	#N/A				
				0.00%			0	640.65	#N/A				
				0.00%			0	640.65	#N/A				
				0.00%			0	640.65	#N/A				
				0.00%			0	640.65	#N/A				
				0.00%			0	640.65	#N/A				
				0.00%			0	640.65	#N/A				
				0.00%			0	640.65	#N/A				
				0.00%			0	640.65	#N/A				
				0.00%			0	640.65	#N/A				
				0.00%			0	640.65	#N/A				
				0.00%			0	640.65	#N/A				
				0.00%			0	640.65	#N/A				
				0.00%			0	640.65	#N/A				
				0.00%			0	640.65	#N/A				
				0.00%			0	640.65	#N/A				
				0.00%			0	640.65	#N/A				
				0.00%			0	640.65	#N/A				
				0.00%			0	640.65	#N/A				
				0.00%			0	640.65	#N/A				
				0.00%			0	640.65	#N/A				
				0.00%			0	640.65	#N/A				
				0.00%			0	640.65	#N/A				
