SUMLEV,STATE,COUNTY,PLACE,COUSUB,CONCIT,PRIMGEO_FLAG,FUNCSTAT,NAME,STNAME,CENSUS2010POP,ESTIMATESBASE2010,POPESTIMATE2010,POPESTIMATE2011,POPESTIMATE2012,POPESTIMATE2013,POPESTIMATE2014,POPESTIMATE2015,POPESTIMATE2016,POPESTIMATE2017,POPESTIMATE2018,POPESTIMATE2019,POPESTIMATE042020,POPESTIMATE2020
040,51,000,00000,00000,00000,0,A,Virginia,Virginia,8001024,8001046,8024004,8102437,8187456,8255861,8315430,8367303,8417651,8471011,8510920,8556642,8587217,8590563
162,51,000,00148,00000,00000,0,A,Abingdon town,Virginia,8191,8225,8226,8182,8177,8154,8118,8055,8041,7975,7940,7881,7866,7856
162,51,000,00180,00000,00000,0,A,Accomac town,Virginia,519,509,502,508,508,497,497,501,494,496,490,484,483,482
162,51,000,00724,00000,00000,0,A,Alberta town,Virginia,298,298,297,292,291,288,284,284,280,279,272,269,266,265
162,51,000,01000,00000,00000,0,A,Alexandria city,Virginia,139966,139998,140737,144269,147379,149767,151544,153859,156621,158772,158377,159050,158872,158726
162,51,000,01528,00000,00000,0,A,Altavista town,Virginia,3450,3452,3456,3444,3446,3450,3457,3456,3453,3449,3446,3432,3429,3422
162,51,000,01672,00000,00000,0,A,Amherst town,Virginia,2231,2231,2232,2214,2223,2209,2198,2203,2196,2198,2192,2184,2186,2182
162,51,000,02040,00000,00000,0,A,Appalachia town,Virginia,1754,1753,1752,1747,1728,1708,1665,1641,1620,1591,1560,1537,1526,1523
162,51,000,02072,00000,00000,0,A,Appomattox town,Virginia,1733,1716,1723,1722,1736,1742,1742,1757,1761,1778,1794,1794,1806,1808
162,51,000,03368,00000,00000,0,A,Ashland town,Virginia,7225,7256,7261,7189,7314,7338,7373,7555,7706,7792,7824,7865,7902,7908
162,51,000,05544,00000,00000,0,A,Bedford town,Virginia,6222,6553,6565,6506,6445,6426,6486,6526,6544,6569,6609,6625,6646,6644
162,51,000,05912,00000,00000,0,A,Belle Haven town,Virginia,532,522,521,523,522,516,515,514,514,510,507,502,502,500
162,51,000,06968,00000,00000,0,A,Berryville town,Virginia,4185,4182,4180,4224,4240,4250,4266,4266,4281,4327,4339,4357,4367,4369
162,51,000,07480,00000,00000,0,A,Big Stone Gap town,Virginia,5614,5629,5624,5620,5582,5539,5447,5388,5327,5260,5193,5136,5116,5104
162,51,000,07784,00000,00000,0,A,Blacksburg town,Virginia,42620,42521,42580,42627,42655,43505,43721,43846,44600,44413,44533,44357,44165,44074
162,51,000,07832,00000,00000,0,A,Blackstone town,Virginia,3621,3615,3606,3602,3554,3517,3512,3444,3395,3384,3366,3317,3309,3304
162,51,000,08120,00000,00000,0,A,Bloxom town,Virginia,387,381,381,382,380,378,377,376,376,371,370,366,367,366
162,51,000,08152,00000,00000,0,A,Bluefield town,Virginia,5444,5403,5397,5366,5305,5289,5211,5187,4870,4733,4905,4848,4822,4814
162,51,000,08584,00000,00000,0,A,Boones Mill town,Virginia,239,236,236,236,235,234,235,235,234,235,234,233,233,233
162,51,000,08888,00000,00000,0,A,Bowling Green town,Virginia,1111,1112,1113,1114,1124,1135,1151,1156,1159,1170,1181,1180,1182,1182
162,51,000,08984,00000,00000,0,A,Boyce town,Virginia,589,600,599,608,610,612,613,613,616,621,624,625,627,629
162,51,000,09016,00000,00000,0,A,Boydton town,Virginia,431,433,433,429,429,420,419,418,416,415,412,412,411,410
162,51,000,09032,00000,00000,0,A,Boykins town,Virginia,564,564,563,559,555,550,545,541,539,536,532,532,527,525
162,51,000,09208,00000,00000,0,A,Branchville town,Virginia,114,125,125,124,122,121,120,119,119,118,116,116,115,115
162,51,000,09656,00000,00000,0,A,Bridgewater town,Virginia,5644,5630,5634,5733,5731,5815,5894,5834,5982,6071,6104,6150,6162,6162
162,51,000,09816,00000,00000,0,A,Bristol city,Virginia,17835,17738,17769,17726,17706,17411,17225,17185,17140,16956,16835,17036,17250,17329
162,51,000,10040,00000,00000,0,A,Broadway town,Virginia,3691,3696,3701,3722,3736,3748,3769,3802,3845,3896,3944,3986,3996,3995
162,51,000,10072,00000,00000,0,A,Brodnax town,Virginia,298,294,294,289,287,285,280,280,275,274,268,266,267,265
162,51,000,10296,00000,00000,0,A,Brookneal town,Virginia,1112,1112,1113,1109,1109,1112,1113,1114,1113,1113,1113,1107,1106,1104
162,51,000,10744,00000,00000,0,A,Buchanan town,Virginia,1178,1173,1174,1167,1171,1165,1167,1177,1172,1174,1176,1178,1182,1182
162,51,000,11032,00000,00000,0,A,Buena Vista city,Virginia,6650,6608,6613,6715,6751,6661,6561,6541,6488,6504,6508,6481,6420,6402
162,51,000,11560,00000,00000,0,A,Burkeville town,Virginia,432,435,434,433,426,423,422,413,408,407,406,400,399,398
162,51,000,12808,00000,00000,0,A,Cape Charles town,Virginia,1009,1009,1011,1016,993,976,980,1004,1022,1012,1008,1027,1052,1056
162,51,000,12904,00000,00000,0,A,Capron town,Virginia,166,164,164,162,160,161,159,156,156,156,154,154,153,153
162,51,000,13784,00000,00000,0,A,Cedar Bluff town,Virginia,1137,1128,1127,1115,1103,1094,1078,1063,1049,1029,1017,1004,999,998
162,51,000,14952,00000,00000,0,A,Charlotte Court House town,Virginia,543,543,541,539,534,530,525,523,520,519,511,508,508,507
162,51,000,14968,00000,00000,0,A,Charlottesville city,Virginia,43475,43425,43467,43780,44610,45052,45562,46357,46976,47456,47421,47283,47053,46950
162,51,000,14984,00000,00000,0,A,Chase City town,Virginia,2351,2341,2342,2326,2311,2282,2271,2255,2243,2232,2227,2223,2219,2217
162,51,000,15000,00000,00000,0,A,Chatham town,Virginia,1269,1269,1477,1473,1485,1482,1465,1467,1460,1442,1439,1429,1416,1413
162,51,000,15112,00000,00000,0,A,Cheriton town,Virginia,487,485,486,487,479,473,471,469,467,460,454,451,447,444
162,51,000,16000,00000,00000,0,A,Chesapeake city,Virginia,222209,222268,223525,225360,228134,230415,233477,235253,237656,240416,242748,245403,246720,247011
162,51,000,16480,00000,00000,0,A,Chilhowie town,Virginia,1781,1814,1813,1805,1797,1790,1780,1767,1753,1736,1720,1703,1699,1698
162,51,000,16512,00000,00000,0,A,Chincoteague town,Virginia,2941,2941,2938,2937,2943,2915,2912,2910,2914,2902,2894,2877,2874,2866
162,51,000,16608,00000,00000,0,A,Christiansburg town,Virginia,21041,20965,21004,21151,21480,21587,21761,21840,21969,22178,22432,22557,22450,22399
162,51,000,16880,00000,00000,0,A,Claremont town,Virginia,378,372,372,364,359,358,356,350,344,341,338,335,334,335
162,51,000,16992,00000,00000,0,A,Clarksville town,Virginia,1139,1233,1232,1225,1218,1203,1196,1189,1182,1176,1174,1172,1169,1169
162,51,000,17296,00000,00000,0,A,Cleveland town,Virginia,202,188,188,186,184,183,180,179,176,174,172,170,170,170
162,51,000,17376,00000,00000,0,A,Clifton town,Virginia,282,286,287,292,296,299,296,299,299,299,298,299,301,301
162,51,000,17440,00000,00000,0,A,Clifton Forge town,Virginia,3884,3885,3868,3853,3819,3788,3702,3651,3632,3565,3526,3494,3460,3444
162,51,000,17504,00000,00000,0,A,Clinchco town,Virginia,337,334,333,331,328,323,319,314,309,304,299,294,290,289
162,51,000,17536,00000,00000,0,A,Clinchport town,Virginia,70,70,70,69,69,69,67,67,66,66,65,64,64,65
162,51,000,17552,00000,00000,0,A,Clintwood town,Virginia,1414,1452,1449,1437,1425,1406,1387,1367,1345,1324,1303,1283,1269,1264
162,51,000,17952,00000,00000,0,A,Coeburn town,Virginia,2139,2034,2038,2037,2020,2013,1979,1955,1930,1900,1871,1847,1837,1835
162,51,000,18400,00000,00000,0,A,Colonial Beach town,Virginia,3542,3540,3544,3566,3535,3531,3512,3538,3551,3564,3584,3621,3639,3645
162,51,000,18448,00000,00000,0,A,Colonial Heights city,Virginia,17411,17409,17338,17288,17390,17492,17448,17457,17400,17382,17337,17089,17178,17205
162,51,000,19600,00000,00000,0,A,Courtland town,Virginia,1284,1281,1280,1274,1265,1255,1247,1242,1238,1231,1224,1226,1217,1214
162,51,000,19728,00000,00000,0,A,Covington city,Virginia,5961,5951,5941,5916,5846,5832,5778,5671,5682,5660,5660,5622,5634,5639
162,51,000,19904,00000,00000,0,A,Craigsville town,Virginia,923,918,916,917,916,921,920,922,925,929,935,938,942,942
162,51,000,20160,00000,00000,0,A,Crewe town,Virginia,2326,2329,2323,2318,2286,2260,2258,2211,2178,2169,2157,2127,2119,2116
162,51,000,20752,00000,00000,0,A,Culpeper town,Virginia,16379,16658,16705,16888,17102,17379,17648,17804,18075,18391,18575,18911,19152,19214
162,51,000,21184,00000,00000,0,A,Damascus town,Virginia,814,808,808,805,804,802,798,792,792,787,784,780,776,775
162,51,000,21344,00000,00000,0,A,Danville city,Virginia,43055,43071,42925,42657,42725,42648,42295,41984,41682,41078,40677,40036,39923,39869
162,51,000,21648,00000,00000,0,A,Dayton town,Virginia,1530,1541,1543,1548,1554,1556,1562,1574,1591,1609,1626,1641,1642,1642
162,51,000,22160,00000,00000,0,A,Dendron town,Virginia,272,273,271,267,265,261,262,259,253,250,247,246,246,246
162,51,000,22560,00000,00000,0,A,Dillwyn town,Virginia,447,444,442,447,444,445,442,443,441,440,440,442,442,441
162,51,000,23376,00000,00000,0,A,Drakes Branch town,Virginia,530,529,527,525,521,515,510,510,507,504,496,493,493,492
162,51,000,23648,00000,00000,0,A,Dublin town,Virginia,2534,2538,2531,2563,2652,2699,2681,2657,2674,2652,2592,2587,2580,2578
162,51,000,23680,00000,00000,0,A,Duffield town,Virginia,91,90,90,89,89,88,87,86,85,84,83,83,83,83
162,51,000,23760,00000,00000,0,A,Dumfries town,Virginia,4961,4972,5007,5088,5164,5204,5205,5251,5247,5257,5238,5930,6066,6106
162,51,000,23952,00000,00000,0,A,Dungannon town,Virginia,332,322,322,319,318,315,313,307,303,301,299,298,299,299
162,51,000,24752,00000,00000,0,A,Eastville town,Virginia,305,360,360,362,358,353,353,355,353,350,349,349,347,345
162,51,000,25008,00000,00000,0,A,Edinburg town,Virginia,1041,1037,1038,1043,1049,1048,1052,1055,1055,1063,1068,1069,1075,1078
162,51,000,25408,00000,00000,0,A,Elkton town,Virginia,2726,2728,2731,2741,2750,2756,2769,2790,2818,2852,2883,2909,2913,2914
162,51,000,25808,00000,00000,0,A,Emporia city,Virginia,5927,5925,5920,5841,5816,5697,5606,5569,5487,5489,5396,5409,5284,5257
162,51,000,26416,00000,00000,0,A,Exmore town,Virginia,1460,1462,1464,1468,1445,1423,1423,1422,1413,1395,1386,1383,1370,1362
162,51,000,26496,00000,00000,0,A,Fairfax city,Virginia,22565,22554,22616,22467,22904,23241,23324,23247,23305,23274,23256,23294,23394,23429
162,51,000,27200,00000,00000,0,A,Falls Church city,Virginia,12332,12267,12422,12691,13126,13403,13459,13777,13649,14273,14441,14551,14598,14631
162,51,000,27440,00000,00000,0,A,Farmville town,Virginia,8216,8166,8170,8122,8091,7983,8135,8087,8034,7792,7813,7806,7838,7842
162,51,000,27824,00000,00000,0,A,Fincastle town,Virginia,353,355,355,343,342,341,343,348,343,340,340,341,341,341
162,51,000,28544,00000,00000,0,A,Floyd town,Virginia,425,436,439,439,439,439,442,441,444,447,447,445,445,444
162,51,000,29600,00000,00000,0,A,Franklin city,Virginia,8582,8578,8579,8448,8488,8545,8399,8339,8210,8132,8033,7867,7836,7833
162,51,000,29744,00000,00000,0,A,Fredericksburg city,Virginia,24286,24178,24356,25759,27190,27835,28276,28075,28469,28718,29362,29254,29451,29492
162,51,000,29920,00000,00000,0,A,Fries town,Virginia,484,483,481,476,468,466,464,462,458,452,449,447,445,444
162,51,000,29968,00000,00000,0,A,Front Royal town,Virginia,14440,14427,14451,14485,14572,14829,16179,14784,15108,15035,15246,15305,15371,15389
162,51,000,30208,00000,00000,0,A,Galax city,Virginia,7042,6989,6989,6844,6850,6927,6892,6791,6615,6477,6300,6324,6296,6296
162,51,000,30496,00000,00000,0,A,Gate City town,Virginia,2034,2044,2043,2027,2018,1995,1971,1943,1917,1900,1873,1865,1866,1867
162,51,000,31056,00000,00000,0,A,Glade Spring town,Virginia,1456,1461,1460,1457,1454,1451,1445,1434,1433,1423,1419,1409,1403,1402
162,51,000,31136,00000,00000,0,A,Glasgow town,Virginia,1133,1110,1109,1113,1111,1107,1113,1108,1110,1109,1116,1108,1107,1107
162,51,000,31376,00000,00000,0,A,Glen Lyn town,Virginia,115,103,103,102,101,101,100,99,100,100,100,99,97,97
162,51,000,31936,00000,00000,0,A,Gordonsville town,Virginia,1496,1480,1480,1498,1508,1521,1534,1544,1550,1573,1605,1618,1642,1647
162,51,000,31968,00000,00000,0,A,Goshen town,Virginia,361,370,369,372,370,370,370,371,371,371,374,373,371,371
162,51,000,33232,00000,00000,0,A,Gretna town,Virginia,1267,1271,1269,1260,1252,1243,1238,1230,1223,1213,1203,1193,1183,1179
162,51,000,33488,00000,00000,0,A,Grottoes town,Virginia,2668,2663,2666,2679,2688,2696,2711,2733,2761,2797,2831,2858,2863,2864
162,51,000,33648,00000,00000,0,A,Grundy town,Virginia,1021,1011,1010,999,997,990,974,960,938,922,911,899,886,883
162,51,000,34064,00000,00000,0,A,Halifax town,Virginia,1309,1304,1279,1279,1291,1246,1239,1235,1230,1223,1221,1214,1205,1200
162,51,000,34176,00000,00000,0,A,Hallwood town,Virginia,206,206,206,206,208,205,205,204,204,203,202,200,199,199
162,51,000,34240,00000,00000,0,A,Hamilton town,Virginia,506,509,514,529,548,566,586,603,621,639,633,629,631,630
162,51,000,35000,00000,00000,0,A,Hampton city,Virginia,137436,137463,137418,136652,137222,137406,137778,136379,135525,135007,134800,135048,135430,135464
162,51,000,35624,00000,00000,0,A,Harrisonburg city,Virginia,48914,48902,48999,49950,51336,51572,52589,52739,53685,53807,53715,53379,53284,53204
162,51,000,35976,00000,00000,0,A,Haymarket town,Virginia,1782,1470,1480,1513,1584,1629,1640,1654,1653,1664,1658,1672,1685,1687
162,51,000,36008,00000,00000,0,A,Haysi town,Virginia,498,497,483,484,488,479,477,482,472,472,468,463,461,460
162,51,000,36648,00000,00000,0,A,Herndon town,Virginia,23292,23292,23400,23841,24301,24461,24525,24528,24515,24549,24520,24709,24628,24573
162,51,000,37288,00000,00000,0,A,Hillsboro town,Virginia,80,139,140,145,149,155,157,163,167,173,170,169,169,169
162,51,000,37336,00000,00000,0,A,Hillsville town,Virginia,2681,2729,2724,2722,2699,2695,2671,2677,2659,2661,2662,2681,2686,2686
162,51,000,38280,00000,00000,0,A,Honaker town,Virginia,1449,1437,1434,1425,1411,1408,1395,1383,1362,1343,1331,1327,1324,1322
162,51,000,38424,00000,00000,0,A,Hopewell city,Virginia,22591,22591,22640,22500,22306,22161,22117,22241,22565,22533,22506,22523,22385,22375
162,51,000,39224,00000,00000,0,A,Hurt town,Virginia,1304,1300,1297,1291,1282,1275,1270,1261,1255,1246,1236,1226,1215,1211
162,51,000,39528,00000,00000,0,A,Independence town,Virginia,947,948,945,936,924,923,919,916,910,899,896,893,890,887
162,51,000,40024,00000,00000,0,A,Iron Gate town,Virginia,388,392,391,390,385,383,375,371,370,364,362,357,354,352
162,51,000,40088,00000,00000,0,A,Irvington town,Virginia,432,432,431,428,421,413,410,408,405,403,402,399,399,398
162,51,000,40232,00000,00000,0,A,Ivor town,Virginia,339,339,338,335,334,330,327,325,324,320,317,317,316,315
162,51,000,40536,00000,00000,0,A,Jarratt town,Virginia,638,626,625,617,613,607,601,590,579,573,565,557,552,553
162,51,000,41272,00000,00000,0,A,Jonesville town,Virginia,1034,1012,1012,1011,1005,990,973,968,954,949,940,932,923,920
162,51,000,41656,00000,00000,0,A,Keller town,Virginia,178,178,178,178,178,176,175,175,175,174,171,171,169,169
162,51,000,41832,00000,00000,0,A,Kenbridge town,Virginia,1257,1257,1256,1254,1237,1227,1229,1216,1212,1209,1197,1196,1195,1195
162,51,000,42264,00000,00000,0,A,Keysville town,Virginia,832,832,831,825,818,810,802,803,798,794,783,779,778,776
162,51,000,42424,00000,00000,0,A,Kilmarnock town,Virginia,1487,1490,1487,1477,1459,1440,1430,1426,1420,1414,1408,1400,1402,1400
162,51,000,43176,00000,00000,0,A,La Crosse town,Virginia,604,601,601,597,594,588,586,582,580,577,577,578,578,576
162,51,000,44520,00000,00000,0,A,Lawrenceville town,Virginia,1438,1444,1442,1395,1310,1088,1073,1067,1052,1047,1025,1015,1005,1003
162,51,000,44696,00000,00000,0,A,Lebanon town,Virginia,3424,3458,3454,3430,3401,3387,3359,3331,3279,3236,3208,3197,3189,3184
162,51,000,44984,00000,00000,0,A,Leesburg town,Virginia,42616,42614,43040,44513,46056,47695,49328,50928,52496,54046,53795,53866,54365,54488
162,51,000,45512,00000,00000,0,A,Lexington city,Virginia,7042,7037,7045,6977,7027,7155,7135,7174,7158,7139,7201,7246,7270,7279
162,51,000,47144,00000,00000,0,A,Louisa town,Virginia,1555,1555,1561,1565,1567,1586,1598,1610,1640,1666,1702,1736,1756,1764
162,51,000,47208,00000,00000,0,A,Lovettsville town,Virginia,1613,1620,1637,1693,1749,1809,1870,1931,1989,2049,2101,2207,2255,2267
162,51,000,47528,00000,00000,0,A,Luray town,Virginia,4895,4897,4900,4872,4851,4821,4831,4810,4796,4833,4869,4853,4854,4849
162,51,000,47672,00000,00000,0,A,Lynchburg city,Virginia,75568,75535,75553,76614,77326,78015,78242,79263,79871,80567,81096,81753,81635,81561
162,51,000,48344,00000,00000,0,A,McKenney town,Virginia,483,483,485,483,484,484,482,482,487,489,493,493,492,490
162,51,000,48488,00000,00000,0,A,Madison town,Virginia,229,240,240,237,236,235,235,235,234,235,236,236,238,238
162,51,000,48952,00000,00000,0,A,Manassas city,Virginia,37821,37799,38212,39103,40284,41079,41137,41409,41245,41171,40998,40907,40899,40869
162,51,000,48968,00000,00000,0,A,Manassas Park city,Virginia,14273,14243,14451,15071,15404,15903,15926,16145,16420,17209,18038,18071,18001,18004
162,51,000,49464,00000,00000,0,A,Marion town,Virginia,5968,5978,5973,5944,5901,5888,5850,5914,5819,5676,5637,5576,5562,5555
162,51,000,49784,00000,00000,0,A,Martinsville city,Virginia,13821,13840,13786,13622,13518,13443,13343,13289,13027,12827,12576,12443,12368,12355
162,51,000,50984,00000,00000,0,A,Melfa town,Virginia,408,402,401,403,403,399,398,396,396,394,392,388,387,386
162,51,000,51448,00000,00000,0,A,Middleburg town,Virginia,673,671,678,699,724,749,773,798,822,845,840,836,836,835
162,51,000,51512,00000,00000,0,A,Middletown town,Virginia,1265,1267,1272,1286,1295,1311,1316,1307,1325,1354,1382,1399,1419,1424
162,51,000,52120,00000,00000,0,A,Mineral town,Virginia,467,467,468,471,468,476,479,484,494,500,510,521,527,529
162,51,000,52680,00000,00000,0,A,Monterey town,Virginia,147,145,143,141,140,137,139,137,138,138,137,135,136,136
162,51,000,52952,00000,00000,0,A,Montross town,Virginia,384,384,384,388,383,385,381,383,384,386,386,390,392,392
162,51,000,53864,00000,00000,0,A,Mount Crawford town,Virginia,433,433,433,435,437,437,439,443,447,451,457,459,463,462
162,51,000,53992,00000,00000,0,A,Mount Jackson town,Virginia,1994,2048,2052,2060,2072,2073,2085,2090,2095,2114,2121,2127,2141,2144
162,51,000,54904,00000,00000,0,A,Narrows town,Virginia,2029,2039,2042,2021,2004,2000,1982,1971,1979,1966,1974,1954,1951,1949
162,51,000,54984,00000,00000,0,A,Nassawadox town,Virginia,499,501,502,503,497,492,492,491,489,484,482,481,477,475
162,51,000,55592,00000,00000,0,A,New Castle town,Virginia,153,157,158,158,157,157,156,156,156,154,154,155,156,155
162,51,000,55848,00000,00000,0,A,New Market town,Virginia,2146,2183,2186,2196,2208,2205,2215,2221,2226,2242,2248,2252,2266,2268
162,51,000,56000,00000,00000,0,A,Newport News city,Virginia,180719,180956,180905,180139,180148,181388,181661,181121,180472,179738,178904,179736,179309,179062
162,51,000,56096,00000,00000,0,A,Newsoms town,Virginia,321,323,323,321,318,315,312,309,309,305,302,302,299,298
162,51,000,56304,00000,00000,0,A,Nickelsville town,Virginia,383,390,390,387,385,383,379,374,369,366,361,361,361,362
162,51,000,57000,00000,00000,0,A,Norfolk city,Virginia,242803,242840,243019,243701,246247,245598,246756,246667,246042,244908,244168,243581,243089,242803
162,51,000,57688,00000,00000,0,A,Norton city,Virginia,3958,3994,4013,4087,4125,4103,4139,4013,3992,3927,3956,3983,3976,3985
162,51,000,58696,00000,00000,0,A,Occoquan town,Virginia,934,929,937,971,995,1014,1027,1044,1057,1072,1080,1089,1096,1097
162,51,000,59336,00000,00000,0,A,Onancock town,Virginia,1263,1261,1260,1261,1261,1249,1248,1243,1239,1230,1224,1211,1209,1205
162,51,000,59384,00000,00000,0,A,Onley town,Virginia,516,517,516,518,518,514,513,513,511,508,505,502,501,499
162,51,000,59496,00000,00000,0,A,Orange town,Virginia,4721,4714,4715,4762,4772,4811,4843,4878,4911,4953,5042,5077,5147,5166
162,51,000,60296,00000,00000,0,A,Painter town,Virginia,229,229,229,229,229,226,227,225,224,223,222,220,220,219
162,51,000,60488,00000,00000,0,A,Pamplin City town,Virginia,219,221,221,222,224,221,223,223,224,226,227,228,228,227
162,51,000,60680,00000,00000,0,A,Parksley town,Virginia,842,844,843,845,843,835,835,831,828,823,817,809,807,805
162,51,000,61208,00000,00000,0,A,Pearisburg town,Virginia,2786,2787,2791,2760,2729,2717,2684,2662,2670,2645,2649,2629,2624,2620
162,51,000,61336,00000,00000,0,A,Pembroke town,Virginia,1128,1112,1113,1104,1097,1095,1087,1082,1087,1083,1087,1079,1078,1077
162,51,000,61560,00000,00000,0,A,Pennington Gap town,Virginia,1781,1877,1879,1872,1863,1836,1808,1794,1772,1762,1745,1732,1716,1708
162,51,000,61832,00000,00000,0,A,Petersburg city,Virginia,32420,32441,32502,32093,31995,32311,32242,31895,31379,30966,30573,30593,30465,30446
162,51,000,61896,00000,00000,0,A,Phenix town,Virginia,226,228,227,225,225,220,220,220,217,218,213,212,212,211
162,51,000,63288,00000,00000,0,A,Pocahontas town,Virginia,389,398,398,394,388,386,378,374,368,359,356,351,349,348
162,51,000,63768,00000,00000,0,A,Poquoson city,Virginia,12150,12159,12148,12043,12115,12093,12005,12018,11940,12041,12138,12228,12246,12257
162,51,000,63928,00000,00000,0,A,Port Royal town,Virginia,126,200,200,199,200,199,201,201,202,205,208,206,208,207
162,51,000,64000,00000,00000,0,A,Portsmouth city,Virginia,95535,95531,95457,95767,96516,96123,95886,96407,95287,94964,94879,94582,94993,95094
162,51,000,64272,00000,00000,0,A,Pound town,Virginia,1037,1021,1022,1020,1014,1004,986,976,964,950,935,922,919,917
162,51,000,64880,00000,00000,0,A,Pulaski town,Virginia,9086,9105,9090,9040,9011,8941,8897,8877,8818,8799,8751,8705,8676,8657
162,51,000,65008,00000,00000,0,A,Purcellville town,Virginia,7727,7727,7801,8065,8337,8627,9211,9500,9777,10045,10016,10207,10271,10285
162,51,000,65120,00000,00000,0,A,Quantico town,Virginia,480,481,486,501,513,520,528,534,542,546,550,555,557,558
162,51,000,65392,00000,00000,0,A,Radford city,Virginia,16408,16395,16432,16817,16720,17124,17395,17301,17321,17470,18013,18107,18214,18255
162,51,000,66512,00000,00000,0,A,Remington town,Virginia,598,598,600,605,612,617,628,630,635,643,655,659,662,661
162,51,000,66896,00000,00000,0,A,Rich Creek town,Virginia,774,768,769,762,757,755,750,746,749,743,746,740,739,738
162,51,000,66928,00000,00000,0,A,Richlands town,Virginia,5823,5834,5831,5775,5716,5681,5597,5526,5462,5360,5303,5249,5231,5224
162,51,000,67000,00000,00000,0,A,Richmond city,Virginia,204214,204440,204375,206487,210922,214020,217238,221084,225669,227620,229621,231027,232056,232226
162,51,000,67208,00000,00000,0,A,Ridgeway town,Virginia,742,738,737,729,725,720,714,710,707,703,700,695,691,688
162,51,000,68000,00000,00000,0,A,Roanoke city,Virginia,97032,96910,96722,96791,98034,98884,99475,99741,99383,98989,98964,99216,99138,99058
162,51,000,68496,00000,00000,0,A,Rocky Mount town,Virginia,4799,4763,4765,4767,4747,4739,4736,4736,4730,4739,4738,4722,4719,4712
162,51,000,69168,00000,00000,0,A,Round Hill town,Virginia,539,533,538,555,572,593,613,632,650,666,660,658,658,657
162,51,000,69456,00000,00000,0,A,Rural Retreat town,Virginia,1483,1481,1482,1479,1486,1485,1474,1478,1466,1460,1451,1448,1448,1448
162,51,000,69792,00000,00000,0,A,St. Charles town,Virginia,128,122,122,121,121,119,117,116,115,112,113,111,110,109
162,51,000,69936,00000,00000,0,A,St. Paul town,Virginia,970,958,959,953,945,938,919,908,894,879,864,853,848,847
162,51,000,70000,00000,00000,0,A,Salem city,Virginia,24802,24834,24897,25030,25190,25330,25441,25378,25268,25362,25271,25209,25306,25340
162,51,000,70096,00000,00000,0,A,Saltville town,Virginia,2077,2053,2052,2039,2030,2019,2005,1984,1964,1945,1926,1903,1897,1895
162,51,000,70576,00000,00000,0,A,Saxis town,Virginia,241,241,241,241,241,239,239,238,238,235,234,231,231,230
162,51,000,70752,00000,00000,0,A,Scottsburg town,Virginia,119,136,136,135,133,134,133,132,131,130,129,128,126,126
162,51,000,70800,00000,00000,0,A,Scottsville town,Virginia,566,567,567,572,579,585,593,599,607,612,616,621,627,625
162,51,000,71776,00000,00000,0,A,Shenandoah town,Virginia,2373,2371,2371,2358,2344,2330,2333,2320,2315,2327,2345,2337,2335,2334
162,51,000,73200,00000,00000,0,A,Smithfield town,Virginia,8089,8093,8101,8096,8106,8144,8220,8285,8341,8407,8504,8545,8604,8615
162,51,000,73712,00000,00000,0,A,South Boston town,Virginia,8142,8143,8145,8093,7999,7973,7924,7897,7864,7763,7661,7615,7549,7519
162,51,000,73904,00000,00000,0,A,South Hill town,Virginia,4650,4605,4605,4580,4539,4484,4458,4434,4407,4374,4366,4370,4362,4356
162,51,000,75008,00000,00000,0,A,Stanardsville town,Virginia,367,365,365,371,372,372,377,378,378,383,385,388,392,393
162,51,000,75024,00000,00000,0,A,Stanley town,Virginia,1689,1686,1686,1679,1671,1661,1666,1658,1654,1666,1681,1676,1676,1676
162,51,000,75216,00000,00000,0,A,Staunton city,Virginia,23746,23745,23738,24023,23808,24100,24287,24192,24218,24395,24583,24916,25120,25190
162,51,000,75344,00000,00000,0,A,Stephens City town,Virginia,1829,1825,1830,1852,1866,1890,1919,1935,1961,2004,2044,2069,2097,2106
162,51,000,75840,00000,00000,0,A,Stony Creek town,Virginia,198,200,200,200,196,191,189,188,184,183,179,177,174,173
162,51,000,76000,00000,00000,0,A,Strasburg town,Virginia,6398,6425,6433,6468,6508,6505,6539,6559,6574,6627,6648,6663,6709,6716
162,51,000,76256,00000,00000,0,A,Stuart town,Virginia,1408,1342,1339,1327,1324,1320,1315,1298,1290,1277,1274,1269,1263,1261
162,51,000,76432,00000,00000,0,A,Suffolk city,Virginia,84585,84606,84859,84808,85320,85832,86976,88190,89360,90228,91135,92277,93537,93913
162,51,000,76880,00000,00000,0,A,Surry town,Virginia,244,243,242,238,234,233,232,227,223,221,219,217,215,215
162,51,000,77520,00000,00000,0,A,Tangier town,Virginia,727,725,726,726,728,719,719,717,717,713,709,702,702,700
162,51,000,77568,00000,00000,0,A,Tappahannock town,Virginia,2375,2449,2448,2451,2444,2449,2429,2433,2430,2405,2389,2399,2403,2400
162,51,000,77792,00000,00000,0,A,Tazewell town,Virginia,4627,4633,4628,4581,4530,4500,4430,4372,4317,4235,4184,4139,4121,4113
162,51,000,78192,00000,00000,0,A,The Plains town,Virginia,217,219,219,221,221,225,226,227,229,229,235,236,238,237
162,51,000,78736,00000,00000,0,A,Timberville town,Virginia,2522,2518,2521,2532,2541,2548,2562,2582,2610,2643,2673,2699,2705,2705
162,51,000,79024,00000,00000,0,A,Toms Brook town,Virginia,258,265,265,266,267,266,268,268,268,272,272,271,273,273
162,51,000,79456,00000,00000,0,A,Troutdale town,Virginia,178,176,175,174,171,172,171,171,169,167,167,166,165,165
162,51,000,79472,00000,00000,0,A,Troutville town,Virginia,431,428,428,427,427,424,426,428,427,427,428,429,431,430
162,51,000,80272,00000,00000,0,A,Urbanna town,Virginia,476,478,480,474,472,469,463,462,465,461,465,457,458,457
162,51,000,81024,00000,00000,0,A,Victoria town,Virginia,1725,1723,1721,1718,1695,1679,1682,1664,1658,1653,1636,1632,1633,1632
162,51,000,81072,00000,00000,0,A,Vienna town,Virginia,15687,15681,15743,15980,16213,16366,16414,16459,16504,16552,16535,16557,16539,16518
162,51,000,81280,00000,00000,0,A,Vinton town,Virginia,8098,7994,7989,8023,8013,8065,8071,8071,8059,8083,8106,8125,8131,8128
162,51,000,81312,00000,00000,0,A,Virgilina town,Virginia,154,148,148,147,145,143,142,142,141,139,136,135,136,135
162,51,000,82000,00000,00000,0,A,Virginia Beach city,Virginia,437994,437885,438864,442654,445189,447922,449139,450635,451510,450417,450488,450766,451340,451231
162,51,000,82320,00000,00000,0,A,Wachapreague town,Virginia,232,232,232,232,232,230,229,229,227,226,224,222,222,221
162,51,000,82384,00000,00000,0,A,Wakefield town,Virginia,927,926,924,927,908,888,883,878,862,850,834,823,808,805
162,51,000,83136,00000,00000,0,A,Warrenton town,Virginia,9611,9597,9622,9721,9784,9831,9891,9857,9829,9898,9949,10038,10003,9982
162,51,000,83168,00000,00000,0,A,Warsaw town,Virginia,1512,1493,1490,1486,1481,1476,1478,1466,1473,1474,1478,1490,1492,1490
162,51,000,83248,00000,00000,0,A,Washington town,Virginia,135,127,124,126,125,125,124,124,125,125,123,124,123,122
162,51,000,83600,00000,00000,0,A,Waverly town,Virginia,2149,2155,2154,2158,2120,2077,2068,2059,2025,1997,1965,1941,1912,1905
162,51,000,83680,00000,00000,0,A,Waynesboro city,Virginia,21006,20994,20989,21099,21065,21164,21303,21543,21759,22196,22390,22416,22621,22741
162,51,000,83808,00000,00000,0,A,Weber City town,Virginia,1327,1319,1319,1309,1304,1290,1276,1259,1245,1234,1218,1214,1215,1214
162,51,000,84960,00000,00000,0,A,West Point town,Virginia,3306,3305,3319,3319,3307,3328,3312,3321,3312,3316,3270,3268,3302,3310
162,51,000,85600,00000,00000,0,A,White Stone town,Virginia,352,356,355,352,347,342,338,338,336,334,333,331,332,331
162,51,000,86160,00000,00000,0,A,Williamsburg city,Virginia,14068,13679,13706,14095,14519,14615,14586,14815,14894,14990,15009,15019,15185,15259
162,51,000,86720,00000,00000,0,A,Winchester city,Virginia,26203,26223,26150,26663,27012,27328,27398,27500,27789,28148,27889,28036,27781,27700
162,51,000,86784,00000,00000,0,A,Windsor town,Virginia,2626,2613,2616,2615,2620,2636,2660,2682,2704,2727,2760,2777,2797,2800
162,51,000,87072,00000,00000,0,A,Wise town,Virginia,3286,3235,3238,3230,3203,3174,3118,3081,3039,2991,2943,2905,2890,2885
162,51,000,87712,00000,00000,0,A,Woodstock town,Virginia,5097,5064,5071,5097,5130,5129,5155,5169,5182,5224,5242,5252,5287,5293
162,51,000,88000,00000,00000,0,A,Wytheville town,Virginia,8211,8215,8207,8180,8188,8143,8052,8030,7972,7972,7903,7895,7880,7879
050,51,001,00000,00000,00000,0,A,Accomack County,Virginia,33164,33162,33150,33227,33276,32982,32992,32930,32903,32729,32603,32325,32315,32238
157,51,001,00180,00000,00000,1,A,Accomac town,Virginia,519,509,502,508,508,497,497,501,494,496,490,484,483,482
157,51,001,05912,00000,00000,1,A,Belle Haven town (pt.),Virginia,462,454,453,455,455,450,449,448,448,445,443,438,438,437
157,51,001,08120,00000,00000,1,A,Bloxom town,Virginia,387,381,381,382,380,378,377,376,376,371,370,366,367,366
157,51,001,16512,00000,00000,1,A,Chincoteague town,Virginia,2941,2941,2938,2937,2943,2915,2912,2910,2914,2902,2894,2877,2874,2866
157,51,001,34176,00000,00000,1,A,Hallwood town,Virginia,206,206,206,206,208,205,205,204,204,203,202,200,199,199
157,51,001,41656,00000,00000,1,A,Keller town,Virginia,178,178,178,178,178,176,175,175,175,174,171,171,169,169
157,51,001,50984,00000,00000,1,A,Melfa town,Virginia,408,402,401,403,403,399,398,396,396,394,392,388,387,386
157,51,001,59336,00000,00000,1,A,Onancock town,Virginia,1263,1261,1260,1261,1261,1249,1248,1243,1239,1230,1224,1211,1209,1205
157,51,001,59384,00000,00000,1,A,Onley town,Virginia,516,517,516,518,518,514,513,513,511,508,505,502,501,499
157,51,001,60296,00000,00000,1,A,Painter town,Virginia,229,229,229,229,229,226,227,225,224,223,222,220,220,219
157,51,001,60680,00000,00000,1,A,Parksley town,Virginia,842,844,843,845,843,835,835,831,828,823,817,809,807,805
157,51,001,70576,00000,00000,1,A,Saxis town,Virginia,241,241,241,241,241,239,239,238,238,235,234,231,231,230
157,51,001,77520,00000,00000,1,A,Tangier town,Virginia,727,725,726,726,728,719,719,717,717,713,709,702,702,700
157,51,001,82320,00000,00000,1,A,Wachapreague town,Virginia,232,232,232,232,232,230,229,229,227,226,224,222,222,221
157,51,001,99990,00000,00000,1,F,Balance of Accomack County,Virginia,24013,24042,24044,24106,24149,23950,23969,23924,23912,23786,23706,23504,23506,23454
050,51,003,00000,00000,00000,0,A,Albemarle County,Virginia,98970,98984,99196,100231,101504,102329,103811,105221,106662,108107,108832,109843,110549,110652
157,51,003,70800,00000,00000,1,A,Scottsville town (pt.),Virginia,531,530,530,535,542,549,557,561,569,574,578,582,588,587
157,51,003,99990,00000,00000,1,F,Balance of Albemarle County,Virginia,98439,98454,98666,99696,100962,101780,103254,104660,106093,107533,108254,109261,109961,110065
050,51,005,00000,00000,00000,0,A,Alleghany County,Virginia,16250,16264,16203,16163,16035,15926,15613,15432,15393,15143,15016,14898,14767,14701
157,51,005,17440,00000,00000,1,A,Clifton Forge town,Virginia,3884,3885,3868,3853,3819,3788,3702,3651,3632,3565,3526,3494,3460,3444
157,51,005,40024,00000,00000,1,A,Iron Gate town,Virginia,388,392,391,390,385,383,375,371,370,364,362,357,354,352
157,51,005,99990,00000,00000,1,F,Balance of Alleghany County,Virginia,11978,11987,11944,11920,11831,11755,11536,11410,11391,11214,11128,11047,10953,10905
050,51,007,00000,00000,00000,1,A,Amelia County,Virginia,12690,12690,12741,12747,12741,12655,12713,12784,12805,12974,12997,13058,13047,13014
050,51,009,00000,00000,00000,0,A,Amherst County,Virginia,32353,32354,32389,32160,32640,32331,32174,31855,31903,31893,31771,31678,31714,31667
157,51,009,01672,00000,00000,1,A,Amherst town,Virginia,2231,2231,2232,2214,2223,2209,2198,2203,2196,2198,2192,2184,2186,2182
157,51,009,99990,00000,00000,1,F,Balance of Amherst County,Virginia,30122,30123,30157,29946,30417,30122,29976,29652,29707,29695,29579,29494,29528,29485
050,51,011,00000,00000,00000,0,A,Appomattox County,Virginia,14973,15022,15091,15104,15240,15315,15343,15485,15535,15715,15874,15902,16033,16043
157,51,011,02072,00000,00000,1,A,Appomattox town,Virginia,1733,1716,1723,1722,1736,1742,1742,1757,1761,1778,1794,1794,1806,1808
157,51,011,60488,00000,00000,1,A,Pamplin City town (pt.),Virginia,188,187,187,188,189,188,190,190,190,192,193,194,194,193
157,51,011,99990,00000,00000,1,F,Balance of Appomattox County,Virginia,13052,13119,13181,13194,13315,13385,13411,13538,13584,13745,13887,13914,14033,14042
050,51,013,00000,00000,00000,1,A,Arlington County,Virginia,207627,207696,209319,216078,221614,225120,226274,228887,231805,235193,236662,238392,239850,240119
050,51,015,00000,00000,00000,0,A,Augusta County,Virginia,73750,73759,73593,73656,73599,73862,73908,74324,74875,75324,75906,76120,76522,76544
157,51,015,19904,00000,00000,1,A,Craigsville town,Virginia,923,918,916,917,916,921,920,922,925,929,935,938,942,942
157,51,015,33488,00000,00000,1,A,Grottoes town (pt.),Virginia,7,10,10,10,10,10,10,10,10,10,10,10,10,10
157,51,015,99990,00000,00000,1,F,Balance of Augusta County,Virginia,72820,72831,72667,72729,72673,72931,72978,73392,73940,74385,74961,75172,75570,75592
050,51,017,00000,00000,00000,1,A,Bath County,Virginia,4731,4727,4721,4655,4642,4591,4536,4463,4408,4270,4275,4169,4137,4119
050,51,019,00000,00000,00000,0,A,Bedford County,Virginia,68676,74928,75032,75555,75755,76189,77054,77653,78024,78445,79115,79431,79800,79811
157,51,019,05544,00000,00000,1,A,Bedford town,Virginia,A,6553,6565,6506,6445,6426,6486,6526,6544,6569,6609,6625,6646,6644
157,51,019,99990,00000,00000,1,F,Balance of Bedford County,Virginia,A,68375,68467,69049,69310,69763,70568,71127,71480,71876,72506,72806,73154,73167
050,51,021,00000,00000,00000,1,A,Bland County,Virginia,6824,6826,6801,6776,6693,6674,6586,6536,6483,6361,6295,6292,6261,6239
050,51,023,00000,00000,00000,0,A,Botetourt County,Virginia,33148,33149,33195,33001,33121,32995,33086,33391,33298,33355,33412,33500,33646,33633
157,51,023,10744,00000,00000,1,A,Buchanan town,Virginia,1178,1173,1174,1167,1171,1165,1167,1177,1172,1174,1176,1178,1182,1182
157,51,023,27824,00000,00000,1,A,Fincastle town,Virginia,353,355,355,343,342,341,343,348,343,340,340,341,341,341
157,51,023,79472,00000,00000,1,A,Troutville town,Virginia,431,428,428,427,427,424,426,428,427,427,428,429,431,430
157,51,023,99990,00000,00000,1,F,Balance of Botetourt County,Virginia,31186,31193,31238,31064,31181,31065,31150,31438,31356,31414,31468,31552,31692,31680
050,51,025,00000,00000,00000,0,A,Brunswick County,Virginia,17434,17418,17393,17119,17023,16976,16815,16838,16607,16572,16289,16176,16084,16037
157,51,025,00724,00000,00000,1,A,Alberta town,Virginia,298,298,297,292,291,288,284,284,280,279,272,269,266,265
157,51,025,10072,00000,00000,1,A,Brodnax town (pt.),Virginia,253,248,248,243,242,240,236,236,231,230,225,223,222,221
157,51,025,44520,00000,00000,1,A,Lawrenceville town,Virginia,1438,1444,1442,1395,1310,1088,1073,1067,1052,1047,1025,1015,1005,1003
157,51,025,99990,00000,00000,1,F,Balance of Brunswick County,Virginia,15445,15428,15406,15189,15180,15360,15222,15251,15044,15016,14767,14669,14591,14548
050,51,027,00000,00000,00000,0,A,Buchanan County,Virginia,24098,24109,24091,23835,23835,23638,23167,22767,22229,21622,21373,21031,20726,20613
157,51,027,33648,00000,00000,1,A,Grundy town,Virginia,1021,1011,1010,999,997,990,974,960,938,922,911,899,886,883
157,51,027,99990,00000,00000,1,F,Balance of Buchanan County,Virginia,23077,23098,23081,22836,22838,22648,22193,21807,21291,20700,20462,20132,19840,19730
050,51,029,00000,00000,00000,0,A,Buckingham County,Virginia,17146,17140,17092,17217,17071,17154,16936,17022,17044,17046,17042,17134,17174,17168
157,51,029,22560,00000,00000,1,A,Dillwyn town,Virginia,447,444,442,447,444,445,442,443,441,440,440,442,442,441
157,51,029,99990,00000,00000,1,F,Balance of Buckingham County,Virginia,16699,16696,16650,16770,16627,16709,16494,16579,16603,16606,16602,16692,16732,16727
050,51,031,00000,00000,00000,0,A,Campbell County,Virginia,54842,54815,54910,54799,54843,55093,55286,55374,55391,55440,55526,55371,55391,55304
157,51,031,01528,00000,00000,1,A,Altavista town,Virginia,3450,3452,3456,3444,3446,3450,3457,3456,3453,3449,3446,3432,3429,3422
157,51,031,10296,00000,00000,1,A,Brookneal town,Virginia,1112,1112,1113,1109,1109,1112,1113,1114,1113,1113,1113,1107,1106,1104
157,51,031,99990,00000,00000,1,F,Balance of Campbell County,Virginia,50280,50251,50341,50246,50288,50531,50716,50804,50825,50878,50967,50832,50856,50778
050,51,033,00000,00000,00000,0,A,Caroline County,Virginia,28545,28550,28631,28672,28950,29253,29747,29907,30091,30441,30766,30745,30866,30860
157,51,033,08888,00000,00000,1,A,Bowling Green town,Virginia,1111,1112,1113,1114,1124,1135,1151,1156,1159,1170,1181,1180,1182,1182
157,51,033,63928,00000,00000,1,A,Port Royal town,Virginia,126,200,200,199,200,199,201,201,202,205,208,206,208,207
157,51,033,99990,00000,00000,1,F,Balance of Caroline County,Virginia,27308,27238,27318,27359,27626,27919,28395,28550,28730,29066,29377,29359,29476,29471
050,51,035,00000,00000,00000,0,A,Carroll County,Virginia,30042,30072,30071,30093,29920,29915,29721,29882,29788,29845,29824,30022,30092,30074
157,51,035,37336,00000,00000,1,A,Hillsville town,Virginia,2681,2729,2724,2722,2699,2695,2671,2677,2659,2661,2662,2681,2686,2686
157,51,035,99990,00000,00000,1,F,Balance of Carroll County,Virginia,27361,27343,27347,27371,27221,27220,27050,27205,27129,27184,27162,27341,27406,27388
050,51,036,00000,00000,00000,1,A,Charles City County,Virginia,7256,7252,7255,7200,7123,7068,6975,7043,7026,7024,6983,6969,6876,6821
050,51,037,00000,00000,00000,0,A,Charlotte County,Virginia,12586,12597,12568,12497,12400,12281,12177,12182,12113,12078,11906,11849,11855,11820
157,51,037,14952,00000,00000,1,A,Charlotte Court House town,Virginia,543,543,541,539,534,530,525,523,520,519,511,508,508,507
157,51,037,23376,00000,00000,1,A,Drakes Branch town,Virginia,530,529,527,525,521,515,510,510,507,504,496,493,493,492
157,51,037,42264,00000,00000,1,A,Keysville town,Virginia,832,832,831,825,818,810,802,803,798,794,783,779,778,776
157,51,037,61896,00000,00000,1,A,Phenix town,Virginia,226,228,227,225,225,220,220,220,217,218,213,212,212,211
157,51,037,99990,00000,00000,1,F,Balance of Charlotte County,Virginia,10455,10465,10442,10383,10302,10206,10120,10126,10071,10043,9903,9857,9864,9834
050,51,041,00000,00000,00000,1,A,Chesterfield County,Virginia,316236,316236,317210,320344,323942,327721,332221,335093,338677,343500,348704,353376,357241,358245
050,51,043,00000,00000,00000,0,A,Clarke County,Virginia,14034,14028,14018,14197,14255,14264,14329,14252,14309,14468,14517,14576,14613,14622
157,51,043,06968,00000,00000,1,A,Berryville town,Virginia,4185,4182,4180,4224,4240,4250,4266,4266,4281,4327,4339,4357,4367,4369
157,51,043,08984,00000,00000,1,A,Boyce town,Virginia,589,600,599,608,610,612,613,613,616,621,624,625,627,629
157,51,043,99990,00000,00000,1,F,Balance of Clarke County,Virginia,9260,9246,9239,9365,9405,9402,9450,9373,9412,9520,9554,9594,9619,9624
050,51,045,00000,00000,00000,0,A,Craig County,Virginia,5190,5175,5198,5170,5139,5138,5177,5140,5138,5070,5105,5127,5094,5077
157,51,045,55592,00000,00000,1,A,New Castle town,Virginia,153,157,158,158,157,157,156,156,156,154,154,155,156,155
157,51,045,99990,00000,00000,1,F,Balance of Craig County,Virginia,5037,5018,5040,5012,4982,4981,5021,4984,4982,4916,4951,4972,4938,4922
050,51,047,00000,00000,00000,0,A,Culpeper County,Virginia,46689,46687,46834,47347,47850,48609,49243,49559,50337,51261,51785,52722,53390,53569
157,51,047,20752,00000,00000,1,A,Culpeper town,Virginia,16379,16658,16705,16888,17102,17379,17648,17804,18075,18391,18575,18911,19152,19214
157,51,047,99990,00000,00000,1,F,Balance of Culpeper County,Virginia,30310,30029,30129,30459,30748,31230,31595,31755,32262,32870,33210,33811,34238,34355
050,51,049,00000,00000,00000,0,A,Cumberland County,Virginia,10052,10039,10028,9987,9845,9852,9843,9758,9742,9840,9863,9967,9948,9933
157,51,049,27440,00000,00000,1,A,Farmville town (pt.),Virginia,531,533,532,528,521,527,524,519,519,523,526,531,528,526
157,51,049,99990,00000,00000,1,F,Balance of Cumberland County,Virginia,9521,9506,9496,9459,9324,9325,9319,9239,9223,9317,9337,9436,9420,9407
050,51,051,00000,00000,00000,0,A,Dickenson County,Virginia,15903,15877,15846,15778,15708,15527,15345,15200,15019,14728,14502,14295,14140,14078
157,51,051,17504,00000,00000,1,A,Clinchco town,Virginia,337,334,333,331,328,323,319,314,309,304,299,294,290,289
157,51,051,17552,00000,00000,1,A,Clintwood town,Virginia,1414,1452,1449,1437,1425,1406,1387,1367,1345,1324,1303,1283,1269,1264
157,51,051,36008,00000,00000,1,A,Haysi town,Virginia,498,497,483,484,488,479,477,482,472,472,468,463,461,460
157,51,051,99990,00000,00000,1,F,Balance of Dickenson County,Virginia,13654,13594,13581,13526,13467,13319,13162,13037,12893,12628,12432,12255,12120,12065
050,51,053,00000,00000,00000,0,A,Dinwiddie County,Virginia,28001,28011,28062,28114,28222,28087,28090,28146,28458,28678,28800,28804,28747,28688
157,51,053,48344,00000,00000,1,A,McKenney town,Virginia,483,483,485,483,484,484,482,482,487,489,493,493,492,490
157,51,053,99990,00000,00000,1,F,Balance of Dinwiddie County,Virginia,27518,27528,27577,27631,27738,27603,27608,27664,27971,28189,28307,28311,28255,28198
050,51,057,00000,00000,00000,0,A,Essex County,Virginia,11151,11149,11145,11168,11133,11158,11066,11091,11073,10960,10889,10936,10957,10943
157,51,057,77568,00000,00000,1,A,Tappahannock town,Virginia,2375,2449,2448,2451,2444,2449,2429,2433,2430,2405,2389,2399,2403,2400
157,51,057,99990,00000,00000,1,F,Balance of Essex County,Virginia,8776,8700,8697,8717,8689,8709,8637,8658,8643,8555,8500,8537,8554,8543
050,51,059,00000,00000,00000,0,A,Fairfax County,Virginia,1081726,1081681,1086165,1103571,1120654,1132186,1136794,1141040,1144957,1149346,1149688,1152359,1152138,1150847
157,51,059,17376,00000,00000,1,A,Clifton town,Virginia,282,286,287,292,296,299,296,299,299,299,298,299,301,301
157,51,059,36648,00000,00000,1,A,Herndon town (pt.),Virginia,23292,23292,23400,23841,24301,24461,24525,24528,24515,24549,24520,24709,24628,24573
157,51,059,58696,00000,00000,1,A,Occoquan town (pt.),Virginia,0,0,0,0,0,0,0,0,0,0,0,0,0,0
157,51,059,81072,00000,00000,1,A,Vienna town,Virginia,15687,15681,15743,15980,16213,16366,16414,16459,16504,16552,16535,16557,16539,16518
157,51,059,99990,00000,00000,1,S,Balance of Fairfax County,Virginia,1042465,1042422,1046735,1063458,1079844,1091060,1095559,1099754,1103639,1107946,1108335,1110794,1110670,1109455
050,51,061,00000,00000,00000,0,A,Fauquier County,Virginia,65203,65222,65433,66032,66567,67150,68135,68449,68831,69555,70722,71297,71408,71361
157,51,061,66512,00000,00000,1,A,Remington town,Virginia,598,598,600,605,612,617,628,630,635,643,655,659,662,661
157,51,061,78192,00000,00000,1,A,The Plains town,Virginia,217,219,219,221,221,225,226,227,229,229,235,236,238,237
157,51,061,83136,00000,00000,1,A,Warrenton town,Virginia,9611,9597,9622,9721,9784,9831,9891,9857,9829,9898,9949,10038,10003,9982
157,51,061,99990,00000,00000,1,F,Balance of Fauquier County,Virginia,54777,54808,54992,55485,55950,56477,57390,57735,58138,58785,59883,60364,60505,60481
050,51,063,00000,00000,00000,0,A,Floyd County,Virginia,15279,15293,15367,15404,15438,15493,15538,15565,15685,15783,15788,15796,15797,15777
157,51,063,28544,00000,00000,1,A,Floyd town,Virginia,425,436,439,439,439,439,442,441,444,447,447,445,445,444
157,51,063,99990,00000,00000,1,F,Balance of Floyd County,Virginia,14854,14857,14928,14965,14999,15054,15096,15124,15241,15336,15341,15351,15352,15333
050,51,065,00000,00000,00000,0,A,Fluvanna County,Virginia,25691,25743,25792,25959,25889,25833,25980,26144,26227,26517,26931,27266,27417,27422
157,51,065,70800,00000,00000,1,A,Scottsville town (pt.),Virginia,35,37,37,37,37,36,36,38,38,38,38,39,39,38
157,51,065,99990,00000,00000,1,F,Balance of Fluvanna County,Virginia,25573,25706,25755,25922,25852,25797,25944,26106,26189,26479,26893,27227,27378,27384
050,51,067,00000,00000,00000,0,A,Franklin County,Virginia,56159,56124,56174,56339,56293,56272,56265,56234,56167,56341,56297,56185,56242,56167
157,51,067,08584,00000,00000,1,A,Boones Mill town,Virginia,239,236,236,236,235,234,235,235,234,235,234,233,233,233
157,51,067,68496,00000,00000,1,A,Rocky Mount town,Virginia,4799,4763,4765,4767,4747,4739,4736,4736,4730,4739,4738,4722,4719,4712
157,51,067,99990,00000,00000,1,F,Balance of Franklin County,Virginia,51121,51125,51173,51336,51311,51299,51294,51263,51203,51367,51325,51230,51290,51222
050,51,069,00000,00000,00000,0,A,Frederick County,Virginia,78305,78266,78545,79519,80247,81494,82735,83525,84722,86568,88378,89483,90784,91119
157,51,069,51512,00000,00000,1,A,Middletown town,Virginia,1265,1267,1272,1286,1295,1311,1316,1307,1325,1354,1382,1399,1419,1424
157,51,069,75344,00000,00000,1,A,Stephens City town,Virginia,1829,1825,1830,1852,1866,1890,1919,1935,1961,2004,2044,2069,2097,2106
157,51,069,99990,00000,00000,1,F,Balance of Frederick County,Virginia,75211,75174,75443,76381,77086,78293,79500,80283,81436,83210,84952,86015,87268,87589
050,51,071,00000,00000,00000,0,A,Giles County,Virginia,17286,17288,17317,17152,17024,16992,16853,16768,16855,16759,16829,16693,16681,16663
157,51,071,31376,00000,00000,1,A,Glen Lyn town,Virginia,115,103,103,102,101,101,100,99,100,100,100,99,97,97
157,51,071,54904,00000,00000,1,A,Narrows town,Virginia,2029,2039,2042,2021,2004,2000,1982,1971,1979,1966,1974,1954,1951,1949
157,51,071,61208,00000,00000,1,A,Pearisburg town,Virginia,2786,2787,2791,2760,2729,2717,2684,2662,2670,2645,2649,2629,2624,2620
157,51,071,61336,00000,00000,1,A,Pembroke town,Virginia,1128,1112,1113,1104,1097,1095,1087,1082,1087,1083,1087,1079,1078,1077
157,51,071,66896,00000,00000,1,A,Rich Creek town,Virginia,774,768,769,762,757,755,750,746,749,743,746,740,739,738
157,51,071,99990,00000,00000,1,F,Balance of Giles County,Virginia,10454,10479,10499,10403,10336,10324,10250,10208,10270,10222,10273,10192,10192,10182
050,51,073,00000,00000,00000,1,A,Gloucester County,Virginia,36858,36859,36942,36897,36849,36780,37038,37032,37121,37332,37398,37499,37501,37459
050,51,075,00000,00000,00000,1,A,Goochland County,Virginia,21717,21852,21906,21537,21438,21732,22020,22344,22665,22893,23423,23949,24353,24431
050,51,077,00000,00000,00000,0,A,Grayson County,Virginia,15533,15557,15500,15368,15146,15131,15925,15960,15870,15699,15621,15574,15530,15493
157,51,077,29920,00000,00000,1,A,Fries town,Virginia,484,483,481,476,468,466,464,462,458,452,449,447,445,444
157,51,077,39528,00000,00000,1,A,Independence town,Virginia,947,948,945,936,924,923,919,916,910,899,896,893,890,887
157,51,077,79456,00000,00000,1,A,Troutdale town,Virginia,178,176,175,174,171,172,171,171,169,167,167,166,165,165
157,51,077,99990,00000,00000,1,F,Balance of Grayson County,Virginia,13924,13950,13899,13782,13583,13570,14371,14411,14333,14181,14109,14068,14030,13997
050,51,079,00000,00000,00000,0,A,Greene County,Virginia,18403,18412,18480,18694,18831,18874,19131,19205,19313,19608,19719,19901,20112,20131
157,51,079,75008,00000,00000,1,A,Stanardsville town,Virginia,367,365,365,371,372,372,377,378,378,383,385,388,392,393
157,51,079,99990,00000,00000,1,F,Balance of Greene County,Virginia,18036,18047,18115,18323,18459,18502,18754,18827,18935,19225,19334,19513,19720,19738
050,51,081,00000,00000,00000,0,A,Greensville County,Virginia,12243,12245,12233,12001,11746,11690,11568,11792,11515,11552,11380,11289,11296,11280
157,51,081,40536,00000,00000,1,A,Jarratt town (pt.),Virginia,502,490,489,481,480,477,471,461,452,448,443,437,435,436
157,51,081,99990,00000,00000,1,F,Balance of Greensville County,Virginia,11741,11755,11744,11520,11266,11213,11097,11331,11063,11104,10937,10852,10861,10844
050,51,083,00000,00000,00000,0,A,Halifax County,Virginia,36241,36253,36204,35997,35740,35389,35205,35104,35003,34592,34212,34035,33761,33633
157,51,083,16992,00000,00000,1,A,Clarksville town (pt.),Virginia,0,0,0,0,0,0,0,0,0,0,0,0,0,0
157,51,083,34064,00000,00000,1,A,Halifax town,Virginia,1309,1304,1279,1279,1291,1246,1239,1235,1230,1223,1221,1214,1205,1200
157,51,083,70752,00000,00000,1,A,Scottsburg town,Virginia,119,136,136,135,133,134,133,132,131,130,129,128,126,126
157,51,083,73712,00000,00000,1,A,South Boston town,Virginia,8142,8143,8145,8093,7999,7973,7924,7897,7864,7763,7661,7615,7549,7519
157,51,083,81312,00000,00000,1,A,Virgilina town,Virginia,154,148,148,147,145,143,142,142,141,139,136,135,136,135
157,51,083,99990,00000,00000,1,F,Balance of Halifax County,Virginia,26517,26522,26496,26343,26172,25893,25767,25698,25637,25337,25065,24943,24745,24653
050,51,085,00000,00000,00000,0,A,Hanover County,Virginia,99863,99833,99886,99899,100340,101075,101740,103095,104345,105729,106821,107535,108158,108262
157,51,085,03368,00000,00000,1,A,Ashland town,Virginia,7225,7256,7261,7189,7314,7338,7373,7555,7706,7792,7824,7865,7902,7908
157,51,085,99990,00000,00000,1,F,Balance of Hanover County,Virginia,92638,92577,92625,92710,93026,93737,94367,95540,96639,97937,98997,99670,100256,100354
050,51,087,00000,00000,00000,1,A,Henrico County,Virginia,306935,306698,307201,310401,315575,318646,321863,324424,326178,328008,329917,332513,333715,333766
050,51,089,00000,00000,00000,0,A,Henry County,Virginia,54151,54144,54102,53530,53098,52738,52235,51944,51654,51370,51101,50724,50472,50309
157,51,089,67208,00000,00000,1,A,Ridgeway town,Virginia,742,738,737,729,725,720,714,710,707,703,700,695,691,688
157,51,089,99990,00000,00000,1,F,Balance of Henry County,Virginia,53409,53406,53365,52801,52373,52018,51521,51234,50947,50667,50401,50029,49781,49621
050,51,091,00000,00000,00000,0,A,Highland County,Virginia,2321,2319,2297,2260,2234,2205,2238,2196,2213,2215,2206,2176,2200,2200
157,51,091,52680,00000,00000,1,A,Monterey town,Virginia,147,145,143,141,140,137,139,137,138,138,137,135,136,136
157,51,091,99990,00000,00000,1,F,Balance of Highland County,Virginia,2174,2174,2154,2119,2094,2068,2099,2059,2075,2077,2069,2041,2064,2064
050,51,093,00000,00000,00000,0,A,Isle of Wight County,Virginia,35270,35279,35319,35301,35352,35542,35887,36185,36450,36758,37203,37400,37673,37725
157,51,093,73200,00000,00000,1,A,Smithfield town,Virginia,8089,8093,8101,8096,8106,8144,8220,8285,8341,8407,8504,8545,8604,8615
157,51,093,86784,00000,00000,1,A,Windsor town,Virginia,2626,2613,2616,2615,2620,2636,2660,2682,2704,2727,2760,2777,2797,2800
157,51,093,99990,00000,00000,1,S,Balance of Isle of Wight County,Virginia,24555,24573,24602,24590,24626,24762,25007,25218,25405,25624,25939,26078,26272,26310
050,51,095,00000,00000,00000,1,A,James City County,Virginia,67009,67400,67681,68339,69460,70674,72145,72920,74075,75429,76206,76838,77492,77612
050,51,097,00000,00000,00000,1,A,King and Queen County,Virginia,6945,6940,6976,6986,7008,7029,7084,7089,7059,7010,7033,7011,6961,6942
050,51,099,00000,00000,00000,1,A,King George County,Virginia,23584,23578,23697,24277,24615,24909,25284,25442,25982,26379,26673,26981,27293,27381
050,51,101,00000,00000,00000,0,A,King William County,Virginia,15935,15927,15999,16013,15977,16096,16153,16287,16416,16706,16962,17198,17545,17641
157,51,101,84960,00000,00000,1,A,West Point town,Virginia,3306,3305,3319,3319,3307,3328,3312,3321,3312,3316,3270,3268,3302,3310
157,51,101,99990,00000,00000,1,F,Balance of King William County,Virginia,12629,12622,12680,12694,12670,12768,12841,12966,13104,13390,13692,13930,14243,14331
050,51,103,00000,00000,00000,0,A,Lancaster County,Virginia,11391,11390,11362,11276,11125,10960,10863,10828,10776,10724,10692,10619,10636,10618
157,51,103,40088,00000,00000,1,A,Irvington town,Virginia,432,432,431,428,421,413,410,408,405,403,402,399,399,398
157,51,103,42424,00000,00000,1,A,Kilmarnock town (pt.),Virginia,1430,1433,1430,1420,1402,1384,1372,1369,1363,1357,1352,1343,1345,1343
157,51,103,85600,00000,00000,1,A,White Stone town,Virginia,352,356,355,352,347,342,338,338,336,334,333,331,332,331
157,51,103,99990,00000,00000,1,F,Balance of Lancaster County,Virginia,9177,9169,9146,9076,8955,8821,8743,8713,8672,8630,8605,8546,8560,8546
050,51,105,00000,00000,00000,0,A,Lee County,Virginia,25587,25591,25606,25546,25433,25094,24744,24624,24198,23934,23703,23540,23327,23238
157,51,105,41272,00000,00000,1,A,Jonesville town,Virginia,1034,1012,1012,1011,1005,990,973,968,954,949,940,932,923,920
157,51,105,61560,00000,00000,1,A,Pennington Gap town,Virginia,1781,1877,1879,1872,1863,1836,1808,1794,1772,1762,1745,1732,1716,1708
157,51,105,69792,00000,00000,1,A,St. Charles town,Virginia,128,122,122,121,121,119,117,116,115,112,113,111,110,109
157,51,105,99990,00000,00000,1,F,Balance of Lee County,Virginia,22644,22580,22593,22542,22444,22149,21846,21746,21357,21111,20905,20765,20578,20501
050,51,107,00000,00000,00000,0,A,Loudoun County,Virginia,312311,312342,315486,326357,337902,350001,362330,374176,385750,397192,405964,414872,421074,422784
157,51,107,34240,00000,00000,1,A,Hamilton town,Virginia,506,509,514,529,548,566,586,603,621,639,633,629,631,630
157,51,107,36648,00000,00000,1,A,Herndon town (pt.),Virginia,A,0,0,0,0,0,0,0,0,0,0,0,0,0
157,51,107,37288,00000,00000,1,A,Hillsboro town,Virginia,80,139,140,145,149,155,157,163,167,173,170,169,169,169
157,51,107,44984,00000,00000,1,A,Leesburg town,Virginia,42616,42614,43040,44513,46056,47695,49328,50928,52496,54046,53795,53866,54365,54488
157,51,107,47208,00000,00000,1,A,Lovettsville town,Virginia,1613,1620,1637,1693,1749,1809,1870,1931,1989,2049,2101,2207,2255,2267
157,51,107,51448,00000,00000,1,A,Middleburg town,Virginia,673,671,678,699,724,749,773,798,822,845,840,836,836,835
157,51,107,65008,00000,00000,1,A,Purcellville town,Virginia,7727,7727,7801,8065,8337,8627,9211,9500,9777,10045,10016,10207,10271,10285
157,51,107,69168,00000,00000,1,A,Round Hill town,Virginia,539,533,538,555,572,593,613,632,650,666,660,658,658,657
157,51,107,99990,00000,00000,1,F,Balance of Loudoun County,Virginia,258557,258529,261138,270158,279767,289807,299792,309621,319228,328729,337749,346300,351889,353453
050,51,109,00000,00000,00000,0,A,Louisa County,Virginia,33153,33028,33169,33325,33357,33850,34173,34475,35202,35803,36656,37477,37974,38132
157,51,109,47144,00000,00000,1,A,Louisa town,Virginia,1555,1555,1561,1565,1567,1586,1598,1610,1640,1666,1702,1736,1756,1764
157,51,109,52120,00000,00000,1,A,Mineral town,Virginia,467,467,468,471,468,476,479,484,494,500,510,521,527,529
157,51,109,99990,00000,00000,1,F,Balance of Louisa County,Virginia,31131,31006,31140,31289,31322,31788,32096,32381,33068,33637,34444,35220,35691,35839
050,51,111,00000,00000,00000,0,A,Lunenburg County,Virginia,12914,12916,12909,12907,12639,12534,12480,12348,12340,12353,12257,12251,12271,12267
157,51,111,41832,00000,00000,1,A,Kenbridge town,Virginia,1257,1257,1256,1254,1237,1227,1229,1216,1212,1209,1197,1196,1195,1195
157,51,111,81024,00000,00000,1,A,Victoria town,Virginia,1725,1723,1721,1718,1695,1679,1682,1664,1658,1653,1636,1632,1633,1632
157,51,111,99990,00000,00000,1,F,Balance of Lunenburg County,Virginia,9932,9936,9932,9935,9707,9628,9569,9468,9470,9491,9424,9423,9443,9440
050,51,113,00000,00000,00000,0,A,Madison County,Virginia,13308,13306,13299,13142,13135,13093,13034,13054,13097,13218,13198,13213,13308,13312
157,51,113,48488,00000,00000,1,A,Madison town,Virginia,229,240,240,237,236,235,235,235,234,235,236,236,238,238
157,51,113,99990,00000,00000,1,F,Balance of Madison County,Virginia,13079,13066,13059,12905,12899,12858,12799,12819,12863,12983,12962,12977,13070,13074
050,51,115,00000,00000,00000,1,A,Mathews County,Virginia,8978,8976,8974,8944,8911,8899,8813,8833,8781,8704,8766,8782,8786,8766
050,51,117,00000,00000,00000,0,A,Mecklenburg County,Virginia,32727,32722,32716,32567,31698,31249,31117,30934,30815,30705,30707,30723,30710,30679
157,51,117,09016,00000,00000,1,A,Boydton town,Virginia,431,433,433,429,429,420,419,418,416,415,412,412,411,410
157,51,117,10072,00000,00000,1,A,Brodnax town (pt.),Virginia,45,46,46,46,45,45,44,44,44,44,43,43,45,44
157,51,117,14984,00000,00000,1,A,Chase City town,Virginia,2351,2341,2342,2326,2311,2282,2271,2255,2243,2232,2227,2223,2219,2217
157,51,117,16992,00000,00000,1,A,Clarksville town (pt.),Virginia,1139,1233,1232,1225,1218,1203,1196,1189,1182,1176,1174,1172,1169,1169
157,51,117,43176,00000,00000,1,A,La Crosse town,Virginia,604,601,601,597,594,588,586,582,580,577,577,578,578,576
157,51,117,73904,00000,00000,1,A,South Hill town,Virginia,4650,4605,4605,4580,4539,4484,4458,4434,4407,4374,4366,4370,4362,4356
157,51,117,99990,00000,00000,1,F,Balance of Mecklenburg County,Virginia,23507,23463,23457,23364,22562,22227,22143,22012,21943,21887,21908,21925,21926,21907
050,51,119,00000,00000,00000,0,A,Middlesex County,Virginia,10959,10959,10981,10855,10851,10781,10653,10683,10750,10614,10717,10561,10575,10569
157,51,119,80272,00000,00000,1,A,Urbanna town,Virginia,476,478,480,474,472,469,463,462,465,461,465,457,458,457
157,51,119,99990,00000,00000,1,F,Balance of Middlesex County,Virginia,10483,10481,10501,10381,10379,10312,10190,10221,10285,10153,10252,10104,10117,10112
050,51,121,00000,00000,00000,0,A,Montgomery County,Virginia,94392,94419,94560,94761,95698,96658,97193,97427,98302,98230,98681,98872,98560,98391
157,51,121,07784,00000,00000,1,A,Blacksburg town,Virginia,42620,42521,42580,42627,42655,43505,43721,43846,44600,44413,44533,44357,44165,44074
157,51,121,16608,00000,00000,1,A,Christiansburg town,Virginia,21041,20965,21004,21151,21480,21587,21761,21840,21969,22178,22432,22557,22450,22399
157,51,121,99990,00000,00000,1,F,Balance of Montgomery County,Virginia,30731,30933,30976,30983,31563,31566,31711,31741,31733,31639,31716,31958,31945,31918
050,51,125,00000,00000,00000,1,A,Nelson County,Virginia,15020,15015,14978,15019,14802,14799,14867,14764,14802,14800,14836,14867,14797,14755
050,51,127,00000,00000,00000,1,A,New Kent County,Virginia,18429,18432,18543,18763,19148,19516,20021,20382,21015,21629,22275,22984,23500,23648
050,51,131,00000,00000,00000,0,A,Northampton County,Virginia,12389,12391,12410,12406,12209,12029,12034,12073,12003,11867,11789,11800,11730,11673
157,51,131,05912,00000,00000,1,A,Belle Haven town (pt.),Virginia,70,68,68,68,67,66,66,66,66,65,64,64,64,63
157,51,131,12808,00000,00000,1,A,Cape Charles town,Virginia,1009,1009,1011,1016,993,976,980,1004,1022,1012,1008,1027,1052,1056
157,51,131,15112,00000,00000,1,A,Cheriton town,Virginia,487,485,486,487,479,473,471,469,467,460,454,451,447,444
157,51,131,24752,00000,00000,1,A,Eastville town,Virginia,305,360,360,362,358,353,353,355,353,350,349,349,347,345
157,51,131,26416,00000,00000,1,A,Exmore town,Virginia,1460,1462,1464,1468,1445,1423,1423,1422,1413,1395,1386,1383,1370,1362
157,51,131,54984,00000,00000,1,A,Nassawadox town,Virginia,499,501,502,503,497,492,492,491,489,484,482,481,477,475
157,51,131,99990,00000,00000,1,F,Balance of Northampton County,Virginia,8559,8506,8519,8502,8370,8246,8249,8266,8193,8101,8046,8045,7973,7928
050,51,133,00000,00000,00000,0,A,Northumberland County,Virginia,12330,12331,12356,12452,12421,12298,12256,12243,12174,12270,12172,12069,12077,12069
157,51,133,42424,00000,00000,1,A,Kilmarnock town (pt.),Virginia,57,57,57,57,57,56,58,57,57,57,56,57,57,57
157,51,133,99990,00000,00000,1,F,Balance of Northumberland County,Virginia,12273,12274,12299,12395,12364,12242,12198,12186,12117,12213,12116,12012,12020,12012
050,51,135,00000,00000,00000,0,A,Nottoway County,Virginia,15853,15858,15847,15891,15758,15642,15515,15613,15502,15439,15381,15206,15179,15160
157,51,135,07832,00000,00000,1,A,Blackstone town,Virginia,3621,3615,3606,3602,3554,3517,3512,3444,3395,3384,3366,3317,3309,3304
157,51,135,11560,00000,00000,1,A,Burkeville town,Virginia,432,435,434,433,426,423,422,413,408,407,406,400,399,398
157,51,135,20160,00000,00000,1,A,Crewe town,Virginia,2326,2329,2323,2318,2286,2260,2258,2211,2178,2169,2157,2127,2119,2116
157,51,135,99990,00000,00000,1,F,Balance of Nottoway County,Virginia,9474,9479,9484,9538,9492,9442,9323,9545,9521,9479,9452,9362,9352,9342
050,51,137,00000,00000,00000,0,A,Orange County,Virginia,33481,33541,33566,33982,34263,34607,34912,35173,35369,35882,36620,36941,37535,37695
157,51,137,31936,00000,00000,1,A,Gordonsville town,Virginia,1496,1480,1480,1498,1508,1521,1534,1544,1550,1573,1605,1618,1642,1647
157,51,137,59496,00000,00000,1,A,Orange town,Virginia,4721,4714,4715,4762,4772,4811,4843,4878,4911,4953,5042,5077,5147,5166
157,51,137,99990,00000,00000,1,F,Balance of Orange County,Virginia,27264,27347,27371,27722,27983,28275,28535,28751,28908,29356,29973,30246,30746,30882
050,51,139,00000,00000,00000,0,A,Page County,Virginia,24042,24048,24062,23956,23841,23724,23787,23667,23633,23801,24005,23937,23945,23933
157,51,139,47528,00000,00000,1,A,Luray town,Virginia,4895,4897,4900,4872,4851,4821,4831,4810,4796,4833,4869,4853,4854,4849
157,51,139,71776,00000,00000,1,A,Shenandoah town,Virginia,2373,2371,2371,2358,2344,2330,2333,2320,2315,2327,2345,2337,2335,2334
157,51,139,75024,00000,00000,1,A,Stanley town,Virginia,1689,1686,1686,1679,1671,1661,1666,1658,1654,1666,1681,1676,1676,1676
157,51,139,99990,00000,00000,1,F,Balance of Page County,Virginia,15085,15094,15105,15047,14975,14912,14957,14879,14868,14975,15110,15071,15080,15074
050,51,141,00000,00000,00000,0,A,Patrick County,Virginia,18490,18505,18474,18339,18339,18256,18185,17972,17830,17727,17659,17592,17533,17493
157,51,141,76256,00000,00000,1,A,Stuart town,Virginia,1408,1342,1339,1327,1324,1320,1315,1298,1290,1277,1274,1269,1263,1261
157,51,141,99990,00000,00000,1,F,Balance of Patrick County,Virginia,17082,17163,17135,17012,17015,16936,16870,16674,16540,16450,16385,16323,16270,16232
050,51,143,00000,00000,00000,0,A,Pittsylvania County,Virginia,63506,63471,63591,63269,62900,62566,62386,62027,61744,61334,60938,60470,60032,59850
157,51,143,15000,00000,00000,1,A,Chatham town,Virginia,1269,1269,1477,1473,1485,1482,1465,1467,1460,1442,1439,1429,1416,1413
157,51,143,33232,00000,00000,1,A,Gretna town,Virginia,1267,1271,1269,1260,1252,1243,1238,1230,1223,1213,1203,1193,1183,1179
157,51,143,39224,00000,00000,1,A,Hurt town,Virginia,1304,1300,1297,1291,1282,1275,1270,1261,1255,1246,1236,1226,1215,1211
157,51,143,99990,00000,00000,1,F,Balance of Pittsylvania County,Virginia,59666,59631,59548,59245,58881,58566,58413,58069,57806,57433,57060,56622,56218,56047
050,51,145,00000,00000,00000,1,A,Powhatan County,Virginia,28046,28073,28133,28138,28186,28315,28504,28068,28463,28722,29199,29734,30033,30148
050,51,147,00000,00000,00000,0,A,Prince Edward County,Virginia,23368,23363,23364,22328,23187,22733,22994,23139,23049,22698,22879,22827,22975,23006
157,51,147,27440,00000,00000,1,A,Farmville town (pt.),Virginia,7685,7633,7638,7594,7570,7456,7611,7568,7515,7269,7287,7275,7310,7316
157,51,147,60488,00000,00000,1,A,Pamplin City town (pt.),Virginia,31,34,34,34,35,33,33,33,34,34,34,34,34,34
157,51,147,99990,00000,00000,1,F,Balance of Prince Edward County,Virginia,15652,15696,15692,14700,15582,15244,15350,15538,15500,15395,15558,15518,15631,15656
050,51,149,00000,00000,00000,1,A,Prince George County,Virginia,35725,35715,35643,36734,37155,37376,37465,38306,38026,38049,38170,38528,38663,38686
050,51,153,00000,00000,00000,0,A,Prince William County,Virginia,402002,402006,406183,419149,429716,437900,444004,451242,456805,463400,466658,471774,474887,475533
157,51,153,23760,00000,00000,1,A,Dumfries town,Virginia,4961,4972,5007,5088,5164,5204,5205,5251,5247,5257,5238,5930,6066,6106
157,51,153,35976,00000,00000,1,A,Haymarket town,Virginia,1782,1470,1480,1513,1584,1629,1640,1654,1653,1664,1658,1672,1685,1687
157,51,153,58696,00000,00000,1,A,Occoquan town (pt.),Virginia,934,929,937,971,995,1014,1027,1044,1057,1072,1080,1089,1096,1097
157,51,153,65120,00000,00000,1,A,Quantico town,Virginia,480,481,486,501,513,520,528,534,542,546,550,555,557,558
157,51,153,99990,00000,00000,1,F,Balance of Prince William County,Virginia,393845,394154,398273,411076,421460,429533,435604,442759,448306,454861,458132,462528,465483,466085
050,51,155,00000,00000,00000,0,A,Pulaski County,Virginia,34872,34857,34830,34741,34734,34551,34343,34357,34268,34255,34097,34009,33976,33935
157,51,155,23648,00000,00000,1,A,Dublin town,Virginia,2534,2538,2531,2563,2652,2699,2681,2657,2674,2652,2592,2587,2580,2578
157,51,155,64880,00000,00000,1,A,Pulaski town,Virginia,9086,9105,9090,9040,9011,8941,8897,8877,8818,8799,8751,8705,8676,8657
157,51,155,99990,00000,00000,1,S,Balance of Pulaski County,Virginia,23252,23214,23209,23138,23071,22911,22765,22823,22776,22804,22754,22717,22720,22700
050,51,157,00000,00000,00000,0,A,Rappahannock County,Virginia,7373,7507,7502,7478,7414,7433,7344,7409,7384,7409,7373,7372,7304,7260
157,51,157,83248,00000,00000,1,A,Washington town,Virginia,135,127,124,126,125,125,124,124,125,125,123,124,123,122
157,51,157,99990,00000,00000,1,S,Balance of Rappahannock County,Virginia,7238,7380,7378,7352,7289,7308,7220,7285,7259,7284,7250,7248,7181,7138
050,51,159,00000,00000,00000,0,A,Richmond County,Virginia,9254,9250,9276,9204,9076,8948,8880,8779,8755,8882,8982,9066,9077,9071
157,51,159,83168,00000,00000,1,A,Warsaw town,Virginia,1512,1493,1490,1486,1481,1476,1478,1466,1473,1474,1478,1490,1492,1490
157,51,159,99990,00000,00000,1,F,Balance of Richmond County,Virginia,7742,7757,7786,7718,7595,7472,7402,7313,7282,7408,7504,7576,7585,7581
050,51,161,00000,00000,00000,0,A,Roanoke County,Virginia,92376,92476,92416,92841,92771,93354,93428,93439,93520,93900,94161,94423,94525,94509
157,51,161,81280,00000,00000,1,A,Vinton town,Virginia,8098,7994,7989,8023,8013,8065,8071,8071,8059,8083,8106,8125,8131,8128
157,51,161,99990,00000,00000,1,F,Balance of Roanoke County,Virginia,84278,84482,84427,84818,84758,85289,85357,85368,85461,85817,86055,86298,86394,86381
050,51,163,00000,00000,00000,0,A,Rockbridge County,Virginia,22307,22357,22348,22449,22384,22337,22443,22410,22467,22736,22904,22774,22772,22757
157,51,163,31136,00000,00000,1,A,Glasgow town,Virginia,1133,1110,1109,1113,1111,1107,1113,1108,1110,1109,1116,1108,1107,1107
157,51,163,31968,00000,00000,1,A,Goshen town,Virginia,361,370,369,372,370,370,370,371,371,371,374,373,371,371
157,51,163,99990,00000,00000,1,F,Balance of Rockbridge County,Virginia,20813,20877,20870,20964,20903,20860,20960,20931,20986,21256,21414,21293,21294,21279
050,51,165,00000,00000,00000,0,A,Rockingham County,Virginia,76314,76324,76413,76868,77149,77437,77897,78469,79401,80448,81353,82140,82335,82346
157,51,165,09656,00000,00000,1,A,Bridgewater town,Virginia,5644,5630,5634,5733,5731,5815,5894,5834,5982,6071,6104,6150,6162,6162
157,51,165,10040,00000,00000,1,A,Broadway town,Virginia,3691,3696,3701,3722,3736,3748,3769,3802,3845,3896,3944,3986,3996,3995
157,51,165,21648,00000,00000,1,A,Dayton town,Virginia,1530,1541,1543,1548,1554,1556,1562,1574,1591,1609,1626,1641,1642,1642
157,51,165,25408,00000,00000,1,A,Elkton town,Virginia,2726,2728,2731,2741,2750,2756,2769,2790,2818,2852,2883,2909,2913,2914
157,51,165,33488,00000,00000,1,A,Grottoes town (pt.),Virginia,2661,2653,2656,2669,2678,2686,2701,2723,2751,2787,2821,2848,2853,2854
157,51,165,53864,00000,00000,1,A,Mount Crawford town,Virginia,433,433,433,435,437,437,439,443,447,451,457,459,463,462
157,51,165,78736,00000,00000,1,A,Timberville town,Virginia,2522,2518,2521,2532,2541,2548,2562,2582,2610,2643,2673,2699,2705,2705
157,51,165,99990,00000,00000,1,F,Balance of Rockingham County,Virginia,57107,57125,57194,57488,57722,57891,58201,58721,59357,60139,60845,61448,61601,61612
050,51,167,00000,00000,00000,0,A,Russell County,Virginia,28897,28917,28873,28681,28429,28337,28082,27863,27423,27054,26820,26739,26679,26647
157,51,167,17296,00000,00000,1,A,Cleveland town,Virginia,202,188,188,186,184,183,180,179,176,174,172,170,170,170
157,51,167,38280,00000,00000,1,A,Honaker town,Virginia,1449,1437,1434,1425,1411,1408,1395,1383,1362,1343,1331,1327,1324,1322
157,51,167,44696,00000,00000,1,A,Lebanon town,Virginia,3424,3458,3454,3430,3401,3387,3359,3331,3279,3236,3208,3197,3189,3184
157,51,167,69936,00000,00000,1,A,St. Paul town (pt.),Virginia,198,201,201,199,197,196,195,193,190,187,186,185,185,184
157,51,167,99990,00000,00000,1,F,Balance of Russell County,Virginia,23624,23633,23596,23441,23236,23163,22953,22777,22416,22114,21923,21860,21811,21787
050,51,169,00000,00000,00000,0,A,Scott County,Virginia,23177,23166,23127,23053,22956,22769,22521,22298,22070,21897,21631,21578,21615,21629
157,51,169,17536,00000,00000,1,A,Clinchport town,Virginia,70,70,70,69,69,69,67,67,66,66,65,64,64,65
157,51,169,23680,00000,00000,1,A,Duffield town,Virginia,91,90,90,89,89,88,87,86,85,84,83,83,83,83
157,51,169,23952,00000,00000,1,A,Dungannon town,Virginia,332,322,322,319,318,315,313,307,303,301,299,298,299,299
157,51,169,30496,00000,00000,1,A,Gate City town,Virginia,2034,2044,2043,2027,2018,1995,1971,1943,1917,1900,1873,1865,1866,1867
157,51,169,56304,00000,00000,1,A,Nickelsville town,Virginia,383,390,390,387,385,383,379,374,369,366,361,361,361,362
157,51,169,83808,00000,00000,1,A,Weber City town,Virginia,1327,1319,1319,1309,1304,1290,1276,1259,1245,1234,1218,1214,1215,1214
157,51,169,99990,00000,00000,1,F,Balance of Scott County,Virginia,18940,18931,18893,18853,18773,18629,18428,18262,18085,17946,17732,17693,17727,17739
050,51,171,00000,00000,00000,0,A,Shenandoah County,Virginia,41993,41991,42048,42266,42532,42514,42737,42863,42962,43319,43464,43557,43853,43905
157,51,171,25008,00000,00000,1,A,Edinburg town,Virginia,1041,1037,1038,1043,1049,1048,1052,1055,1055,1063,1068,1069,1075,1078
157,51,171,53992,00000,00000,1,A,Mount Jackson town,Virginia,1994,2048,2052,2060,2072,2073,2085,2090,2095,2114,2121,2127,2141,2144
157,51,171,55848,00000,00000,1,A,New Market town,Virginia,2146,2183,2186,2196,2208,2205,2215,2221,2226,2242,2248,2252,2266,2268
157,51,171,76000,00000,00000,1,A,Strasburg town,Virginia,6398,6425,6433,6468,6508,6505,6539,6559,6574,6627,6648,6663,6709,6716
157,51,171,79024,00000,00000,1,A,Toms Brook town,Virginia,258,265,265,266,267,266,268,268,268,272,272,271,273,273
157,51,171,87712,00000,00000,1,A,Woodstock town,Virginia,5097,5064,5071,5097,5130,5129,5155,5169,5182,5224,5242,5252,5287,5293
157,51,171,99990,00000,00000,1,F,Balance of Shenandoah County,Virginia,25059,24969,25003,25136,25298,25288,25423,25501,25562,25777,25865,25923,26102,26133
050,51,173,00000,00000,00000,0,A,Smyth County,Virginia,32208,32211,32198,32054,31911,31789,31593,31444,31143,30772,30509,30182,30120,30090
157,51,173,16480,00000,00000,1,A,Chilhowie town,Virginia,1781,1814,1813,1805,1797,1790,1780,1767,1753,1736,1720,1703,1699,1698
157,51,173,49464,00000,00000,1,A,Marion town,Virginia,5968,5978,5973,5944,5901,5888,5850,5914,5819,5676,5637,5576,5562,5555
157,51,173,70096,00000,00000,1,A,Saltville town (pt.),Virginia,1866,1858,1857,1845,1837,1826,1813,1794,1776,1758,1739,1718,1712,1710
157,51,173,99990,00000,00000,1,F,Balance of Smyth County,Virginia,22593,22561,22555,22460,22376,22285,22150,21969,21795,21602,21413,21185,21147,21127
050,51,175,00000,00000,00000,0,A,Southampton County,Virginia,18570,18573,18642,18638,18506,18330,18224,18139,18090,17866,17757,17797,17687,17636
157,51,175,09032,00000,00000,1,A,Boykins town,Virginia,564,564,563,559,555,550,545,541,539,536,532,532,527,525
157,51,175,09208,00000,00000,1,A,Branchville town,Virginia,114,125,125,124,122,121,120,119,119,118,116,116,115,115
157,51,175,12904,00000,00000,1,A,Capron town,Virginia,166,164,164,162,160,161,159,156,156,156,154,154,153,153
157,51,175,19600,00000,00000,1,A,Courtland town,Virginia,1284,1281,1280,1274,1265,1255,1247,1242,1238,1231,1224,1226,1217,1214
157,51,175,40232,00000,00000,1,A,Ivor town,Virginia,339,339,338,335,334,330,327,325,324,320,317,317,316,315
157,51,175,56096,00000,00000,1,A,Newsoms town,Virginia,321,323,323,321,318,315,312,309,309,305,302,302,299,298
157,51,175,99990,00000,00000,1,F,Balance of Southampton County,Virginia,15782,15777,15849,15863,15752,15598,15514,15447,15405,15200,15112,15150,15060,15016
050,51,177,00000,00000,00000,1,A,Spotsylvania County,Virginia,122397,122455,122981,124557,125867,127449,128881,130042,131401,132889,134227,136447,138009,138449
050,51,179,00000,00000,00000,1,A,Stafford County,Virginia,128961,128993,129857,132251,133449,136034,138937,141035,143641,146868,149891,153775,156063,156748
050,51,181,00000,00000,00000,0,A,Surry County,Virginia,7058,7064,7045,6923,6844,6792,6783,6674,6560,6508,6435,6407,6380,6385
157,51,181,16880,00000,00000,1,A,Claremont town,Virginia,378,372,372,364,359,358,356,350,344,341,338,335,334,335
157,51,181,22160,00000,00000,1,A,Dendron town,Virginia,272,273,271,267,265,261,262,259,253,250,247,246,246,246
157,51,181,76880,00000,00000,1,A,Surry town,Virginia,244,243,242,238,234,233,232,227,223,221,219,217,215,215
157,51,181,99990,00000,00000,1,F,Balance of Surry County,Virginia,6164,6176,6160,6054,5986,5940,5933,5838,5740,5696,5631,5609,5585,5589
050,51,183,00000,00000,00000,0,A,Sussex County,Virginia,12087,12071,12013,12088,11927,11765,11724,11692,11425,11369,11194,11092,10969,10925
157,51,183,40536,00000,00000,1,A,Jarratt town (pt.),Virginia,136,136,136,136,133,130,130,129,127,125,122,120,117,117
157,51,183,75840,00000,00000,1,A,Stony Creek town,Virginia,198,200,200,200,196,191,189,188,184,183,179,177,174,173
157,51,183,82384,00000,00000,1,A,Wakefield town,Virginia,927,926,924,927,908,888,883,878,862,850,834,823,808,805
157,51,183,83600,00000,00000,1,A,Waverly town,Virginia,2149,2155,2154,2158,2120,2077,2068,2059,2025,1997,1965,1941,1912,1905
157,51,183,99990,00000,00000,1,F,Balance of Sussex County,Virginia,8677,8654,8599,8667,8570,8479,8454,8438,8227,8214,8094,8031,7958,7925
050,51,185,00000,00000,00000,0,A,Tazewell County,Virginia,45078,45058,45118,44733,44276,44031,43399,42930,42226,41362,41152,40734,40583,40529
157,51,185,08152,00000,00000,1,A,Bluefield town,Virginia,5444,5403,5397,5366,5305,5289,5211,5187,4870,4733,4905,4848,4822,4814
157,51,185,13784,00000,00000,1,A,Cedar Bluff town,Virginia,1137,1128,1127,1115,1103,1094,1078,1063,1049,1029,1017,1004,999,998
157,51,185,63288,00000,00000,1,A,Pocahontas town,Virginia,389,398,398,394,388,386,378,374,368,359,356,351,349,348
157,51,185,66928,00000,00000,1,A,Richlands town,Virginia,5823,5834,5831,5775,5716,5681,5597,5526,5462,5360,5303,5249,5231,5224
157,51,185,77792,00000,00000,1,A,Tazewell town,Virginia,4627,4633,4628,4581,4530,4500,4430,4372,4317,4235,4184,4139,4121,4113
157,51,185,99990,00000,00000,1,F,Balance of Tazewell County,Virginia,27658,27662,27737,27502,27234,27081,26705,26408,26160,25646,25387,25143,25061,25032
050,51,187,00000,00000,00000,0,A,Warren County,Virginia,37575,37452,37520,37654,37898,38514,40147,38742,39197,39478,40056,40235,40426,40475
157,51,187,29968,00000,00000,1,A,Front Royal town,Virginia,14440,14427,14451,14485,14572,14829,16179,14784,15108,15035,15246,15305,15371,15389
157,51,187,99990,00000,00000,1,F,Balance of Warren County,Virginia,23135,23025,23069,23169,23326,23685,23968,23958,24089,24443,24810,24930,25055,25086
050,51,191,00000,00000,00000,0,A,Washington County,Virginia,54876,54959,54966,54839,55110,54800,54630,54309,54178,54202,54100,53852,53747,53695
157,51,191,00148,00000,00000,1,A,Abingdon town,Virginia,8191,8225,8226,8182,8177,8154,8118,8055,8041,7975,7940,7881,7866,7856
157,51,191,21184,00000,00000,1,A,Damascus town,Virginia,814,808,808,805,804,802,798,792,792,787,784,780,776,775
157,51,191,31056,00000,00000,1,A,Glade Spring town,Virginia,1456,1461,1460,1457,1454,1451,1445,1434,1433,1423,1419,1409,1403,1402
157,51,191,70096,00000,00000,1,A,Saltville town (pt.),Virginia,211,195,195,194,193,193,192,190,188,187,187,185,185,185
157,51,191,99990,00000,00000,1,F,Balance of Washington County,Virginia,44204,44270,44277,44201,44482,44200,44077,43838,43724,43830,43770,43597,43517,43477
050,51,193,00000,00000,00000,0,A,Westmoreland County,Virginia,17454,17464,17493,17639,17515,17553,17440,17553,17645,17723,17818,18029,18121,18149
157,51,193,18400,00000,00000,1,A,Colonial Beach town,Virginia,3542,3540,3544,3566,3535,3531,3512,3538,3551,3564,3584,3621,3639,3645
157,51,193,52952,00000,00000,1,A,Montross town,Virginia,384,384,384,388,383,385,381,383,384,386,386,390,392,392
157,51,193,99990,00000,00000,1,F,Balance of Westmoreland County,Virginia,13528,13540,13565,13685,13597,13637,13547,13632,13710,13773,13848,14018,14090,14112
050,51,195,00000,00000,00000,0,A,Wise County,Virginia,41452,41436,41574,41461,40928,40685,39916,39596,39059,38593,37877,37427,37263,37206
157,51,195,02040,00000,00000,1,A,Appalachia town,Virginia,1754,1753,1752,1747,1728,1708,1665,1641,1620,1591,1560,1537,1526,1523
157,51,195,07480,00000,00000,1,A,Big Stone Gap town,Virginia,5614,5629,5624,5620,5582,5539,5447,5388,5327,5260,5193,5136,5116,5104
157,51,195,17952,00000,00000,1,A,Coeburn town,Virginia,2139,2034,2038,2037,2020,2013,1979,1955,1930,1900,1871,1847,1837,1835
157,51,195,64272,00000,00000,1,A,Pound town,Virginia,1037,1021,1022,1020,1014,1004,986,976,964,950,935,922,919,917
157,51,195,69936,00000,00000,1,A,St. Paul town (pt.),Virginia,772,757,758,754,748,742,724,715,704,692,678,668,663,663
157,51,195,87072,00000,00000,1,A,Wise town,Virginia,3286,3235,3238,3230,3203,3174,3118,3081,3039,2991,2943,2905,2890,2885
157,51,195,99990,00000,00000,1,F,Balance of Wise County,Virginia,26850,27007,27142,27053,26633,26505,25997,25840,25475,25209,24697,24412,24312,24279
050,51,197,00000,00000,00000,0,A,Wythe County,Virginia,29235,29246,29252,29204,29331,29285,29060,29106,28898,28832,28659,28618,28610,28620
157,51,197,69456,00000,00000,1,A,Rural Retreat town,Virginia,1483,1481,1482,1479,1486,1485,1474,1478,1466,1460,1451,1448,1448,1448
157,51,197,88000,00000,00000,1,A,Wytheville town,Virginia,8211,8215,8207,8180,8188,8143,8052,8030,7972,7972,7903,7895,7880,7879
157,51,197,99990,00000,00000,1,F,Balance of Wythe County,Virginia,19541,19550,19563,19545,19657,19657,19534,19598,19460,19400,19305,19275,19282,19293
050,51,199,00000,00000,00000,1,A,York County,Virginia,65464,65191,65224,65796,65872,66046,66607,67900,67914,68117,68136,68579,69075,69199
050,51,510,00000,00000,00000,0,F,Alexandria city,Virginia,139966,139998,140737,144269,147379,149767,151544,153859,156621,158772,158377,159050,158872,158726
157,51,510,01000,00000,00000,1,A,Alexandria city,Virginia,139966,139998,140737,144269,147379,149767,151544,153859,156621,158772,158377,159050,158872,158726
050,51,520,00000,00000,00000,0,F,Bristol city,Virginia,17835,17738,17769,17726,17706,17411,17225,17185,17140,16956,16835,17036,17250,17329
157,51,520,09816,00000,00000,1,A,Bristol city,Virginia,17835,17738,17769,17726,17706,17411,17225,17185,17140,16956,16835,17036,17250,17329
050,51,530,00000,00000,00000,0,F,Buena Vista city,Virginia,6650,6608,6613,6715,6751,6661,6561,6541,6488,6504,6508,6481,6420,6402
157,51,530,11032,00000,00000,1,A,Buena Vista city,Virginia,6650,6608,6613,6715,6751,6661,6561,6541,6488,6504,6508,6481,6420,6402
050,51,540,00000,00000,00000,0,F,Charlottesville city,Virginia,43475,43425,43467,43780,44610,45052,45562,46357,46976,47456,47421,47283,47053,46950
157,51,540,14968,00000,00000,1,A,Charlottesville city,Virginia,43475,43425,43467,43780,44610,45052,45562,46357,46976,47456,47421,47283,47053,46950
050,51,550,00000,00000,00000,0,F,Chesapeake city,Virginia,222209,222268,223525,225360,228134,230415,233477,235253,237656,240416,242748,245403,246720,247011
157,51,550,16000,00000,00000,1,A,Chesapeake city,Virginia,222209,222268,223525,225360,228134,230415,233477,235253,237656,240416,242748,245403,246720,247011
050,51,570,00000,00000,00000,0,F,Colonial Heights city,Virginia,17411,17409,17338,17288,17390,17492,17448,17457,17400,17382,17337,17089,17178,17205
157,51,570,18448,00000,00000,1,A,Colonial Heights city,Virginia,17411,17409,17338,17288,17390,17492,17448,17457,17400,17382,17337,17089,17178,17205
050,51,580,00000,00000,00000,0,F,Covington city,Virginia,5961,5951,5941,5916,5846,5832,5778,5671,5682,5660,5660,5622,5634,5639
157,51,580,19728,00000,00000,1,A,Covington city,Virginia,5961,5951,5941,5916,5846,5832,5778,5671,5682,5660,5660,5622,5634,5639
050,51,590,00000,00000,00000,0,F,Danville city,Virginia,43055,43071,42925,42657,42725,42648,42295,41984,41682,41078,40677,40036,39923,39869
157,51,590,21344,00000,00000,1,A,Danville city,Virginia,43055,43071,42925,42657,42725,42648,42295,41984,41682,41078,40677,40036,39923,39869
050,51,595,00000,00000,00000,0,F,Emporia city,Virginia,5927,5925,5920,5841,5816,5697,5606,5569,5487,5489,5396,5409,5284,5257
157,51,595,25808,00000,00000,1,A,Emporia city,Virginia,5927,5925,5920,5841,5816,5697,5606,5569,5487,5489,5396,5409,5284,5257
050,51,600,00000,00000,00000,0,F,Fairfax city,Virginia,22565,22554,22616,22467,22904,23241,23324,23247,23305,23274,23256,23294,23394,23429
157,51,600,26496,00000,00000,1,A,Fairfax city,Virginia,22565,22554,22616,22467,22904,23241,23324,23247,23305,23274,23256,23294,23394,23429
050,51,610,00000,00000,00000,0,F,Falls Church city,Virginia,12332,12267,12422,12691,13126,13403,13459,13777,13649,14273,14441,14551,14598,14631
157,51,610,27200,00000,00000,1,A,Falls Church city,Virginia,12332,12267,12422,12691,13126,13403,13459,13777,13649,14273,14441,14551,14598,14631
050,51,620,00000,00000,00000,0,F,Franklin city,Virginia,8582,8578,8579,8448,8488,8545,8399,8339,8210,8132,8033,7867,7836,7833
157,51,620,29600,00000,00000,1,A,Franklin city,Virginia,8582,8578,8579,8448,8488,8545,8399,8339,8210,8132,8033,7867,7836,7833
050,51,630,00000,00000,00000,0,F,Fredericksburg city,Virginia,24286,24178,24356,25759,27190,27835,28276,28075,28469,28718,29362,29254,29451,29492
157,51,630,29744,00000,00000,1,A,Fredericksburg city,Virginia,24286,24178,24356,25759,27190,27835,28276,28075,28469,28718,29362,29254,29451,29492
050,51,640,00000,00000,00000,0,F,Galax city,Virginia,7042,6989,6989,6844,6850,6927,6892,6791,6615,6477,6300,6324,6296,6296
157,51,640,30208,00000,00000,1,A,Galax city,Virginia,7042,6989,6989,6844,6850,6927,6892,6791,6615,6477,6300,6324,6296,6296
050,51,650,00000,00000,00000,0,F,Hampton city,Virginia,137436,137463,137418,136652,137222,137406,137778,136379,135525,135007,134800,135048,135430,135464
157,51,650,35000,00000,00000,1,A,Hampton city,Virginia,137436,137463,137418,136652,137222,137406,137778,136379,135525,135007,134800,135048,135430,135464
050,51,660,00000,00000,00000,0,F,Harrisonburg city,Virginia,48914,48902,48999,49950,51336,51572,52589,52739,53685,53807,53715,53379,53284,53204
157,51,660,35624,00000,00000,1,A,Harrisonburg city,Virginia,48914,48902,48999,49950,51336,51572,52589,52739,53685,53807,53715,53379,53284,53204
050,51,670,00000,00000,00000,0,F,Hopewell city,Virginia,22591,22591,22640,22500,22306,22161,22117,22241,22565,22533,22506,22523,22385,22375
157,51,670,38424,00000,00000,1,A,Hopewell city,Virginia,22591,22591,22640,22500,22306,22161,22117,22241,22565,22533,22506,22523,22385,22375
050,51,678,00000,00000,00000,0,F,Lexington city,Virginia,7042,7037,7045,6977,7027,7155,7135,7174,7158,7139,7201,7246,7270,7279
157,51,678,45512,00000,00000,1,A,Lexington city,Virginia,7042,7037,7045,6977,7027,7155,7135,7174,7158,7139,7201,7246,7270,7279
050,51,680,00000,00000,00000,0,F,Lynchburg city,Virginia,75568,75535,75553,76614,77326,78015,78242,79263,79871,80567,81096,81753,81635,81561
157,51,680,47672,00000,00000,1,A,Lynchburg city,Virginia,75568,75535,75553,76614,77326,78015,78242,79263,79871,80567,81096,81753,81635,81561
050,51,683,00000,00000,00000,0,F,Manassas city,Virginia,37821,37799,38212,39103,40284,41079,41137,41409,41245,41171,40998,40907,40899,40869
157,51,683,48952,00000,00000,1,A,Manassas city,Virginia,37821,37799,38212,39103,40284,41079,41137,41409,41245,41171,40998,40907,40899,40869
050,51,685,00000,00000,00000,0,F,Manassas Park city,Virginia,14273,14243,14451,15071,15404,15903,15926,16145,16420,17209,18038,18071,18001,18004
157,51,685,48968,00000,00000,1,A,Manassas Park city,Virginia,14273,14243,14451,15071,15404,15903,15926,16145,16420,17209,18038,18071,18001,18004
050,51,690,00000,00000,00000,0,F,Martinsville city,Virginia,13821,13840,13786,13622,13518,13443,13343,13289,13027,12827,12576,12443,12368,12355
157,51,690,49784,00000,00000,1,A,Martinsville city,Virginia,13821,13840,13786,13622,13518,13443,13343,13289,13027,12827,12576,12443,12368,12355
050,51,700,00000,00000,00000,0,F,Newport News city,Virginia,180719,180956,180905,180139,180148,181388,181661,181121,180472,179738,178904,179736,179309,179062
157,51,700,56000,00000,00000,1,A,Newport News city,Virginia,180719,180956,180905,180139,180148,181388,181661,181121,180472,179738,178904,179736,179309,179062
050,51,710,00000,00000,00000,0,F,Norfolk city,Virginia,242803,242840,243019,243701,246247,245598,246756,246667,246042,244908,244168,243581,243089,242803
157,51,710,57000,00000,00000,1,A,Norfolk city,Virginia,242803,242840,243019,243701,246247,245598,246756,246667,246042,244908,244168,243581,243089,242803
050,51,720,00000,00000,00000,0,F,Norton city,Virginia,3958,3994,4013,4087,4125,4103,4139,4013,3992,3927,3956,3983,3976,3985
157,51,720,57688,00000,00000,1,A,Norton city,Virginia,3958,3994,4013,4087,4125,4103,4139,4013,3992,3927,3956,3983,3976,3985
050,51,730,00000,00000,00000,0,F,Petersburg city,Virginia,32420,32441,32502,32093,31995,32311,32242,31895,31379,30966,30573,30593,30465,30446
157,51,730,61832,00000,00000,1,A,Petersburg city,Virginia,32420,32441,32502,32093,31995,32311,32242,31895,31379,30966,30573,30593,30465,30446
050,51,735,00000,00000,00000,0,F,Poquoson city,Virginia,12150,12159,12148,12043,12115,12093,12005,12018,11940,12041,12138,12228,12246,12257
157,51,735,63768,00000,00000,1,A,Poquoson city,Virginia,12150,12159,12148,12043,12115,12093,12005,12018,11940,12041,12138,12228,12246,12257
050,51,740,00000,00000,00000,0,F,Portsmouth city,Virginia,95535,95531,95457,95767,96516,96123,95886,96407,95287,94964,94879,94582,94993,95094
157,51,740,64000,00000,00000,1,A,Portsmouth city,Virginia,95535,95531,95457,95767,96516,96123,95886,96407,95287,94964,94879,94582,94993,95094
050,51,750,00000,00000,00000,0,F,Radford city,Virginia,16408,16395,16432,16817,16720,17124,17395,17301,17321,17470,18013,18107,18214,18255
157,51,750,65392,00000,00000,1,A,Radford city,Virginia,16408,16395,16432,16817,16720,17124,17395,17301,17321,17470,18013,18107,18214,18255
050,51,760,00000,00000,00000,0,F,Richmond city,Virginia,204214,204440,204375,206487,210922,214020,217238,221084,225669,227620,229621,231027,232056,232226
157,51,760,67000,00000,00000,1,A,Richmond city,Virginia,204214,204440,204375,206487,210922,214020,217238,221084,225669,227620,229621,231027,232056,232226
050,51,770,00000,00000,00000,0,F,Roanoke city,Virginia,97032,96910,96722,96791,98034,98884,99475,99741,99383,98989,98964,99216,99138,99058
157,51,770,68000,00000,00000,1,A,Roanoke city,Virginia,97032,96910,96722,96791,98034,98884,99475,99741,99383,98989,98964,99216,99138,99058
050,51,775,00000,00000,00000,0,F,Salem city,Virginia,24802,24834,24897,25030,25190,25330,25441,25378,25268,25362,25271,25209,25306,25340
157,51,775,70000,00000,00000,1,A,Salem city,Virginia,24802,24834,24897,25030,25190,25330,25441,25378,25268,25362,25271,25209,25306,25340
050,51,790,00000,00000,00000,0,F,Staunton city,Virginia,23746,23745,23738,24023,23808,24100,24287,24192,24218,24395,24583,24916,25120,25190
157,51,790,75216,00000,00000,1,A,Staunton city,Virginia,23746,23745,23738,24023,23808,24100,24287,24192,24218,24395,24583,24916,25120,25190
050,51,800,00000,00000,00000,0,F,Suffolk city,Virginia,84585,84606,84859,84808,85320,85832,86976,88190,89360,90228,91135,92277,93537,93913
157,51,800,76432,00000,00000,1,A,Suffolk city,Virginia,84585,84606,84859,84808,85320,85832,86976,88190,89360,90228,91135,92277,93537,93913
050,51,810,00000,00000,00000,0,F,Virginia Beach city,Virginia,437994,437885,438864,442654,445189,447922,449139,450635,451510,450417,450488,450766,451340,451231
157,51,810,82000,00000,00000,1,A,Virginia Beach city,Virginia,437994,437885,438864,442654,445189,447922,449139,450635,451510,450417,450488,450766,451340,451231
050,51,820,00000,00000,00000,0,F,Waynesboro city,Virginia,21006,20994,20989,21099,21065,21164,21303,21543,21759,22196,22390,22416,22621,22741
157,51,820,83680,00000,00000,1,A,Waynesboro city,Virginia,21006,20994,20989,21099,21065,21164,21303,21543,21759,22196,22390,22416,22621,22741
050,51,830,00000,00000,00000,0,F,Williamsburg city,Virginia,14068,13679,13706,14095,14519,14615,14586,14815,14894,14990,15009,15019,15185,15259
157,51,830,86160,00000,00000,1,A,Williamsburg city,Virginia,14068,13679,13706,14095,14519,14615,14586,14815,14894,14990,15009,15019,15185,15259
050,51,840,00000,00000,00000,0,F,Winchester city,Virginia,26203,26223,26150,26663,27012,27328,27398,27500,27789,28148,27889,28036,27781,27700
157,51,840,86720,00000,00000,1,A,Winchester city,Virginia,26203,26223,26150,26663,27012,27328,27398,27500,27789,28148,27889,28036,27781,27700
