repo_full_name,emoji_count,commit_count,unique_emojis,emojis_per_commit
chicks-net/www-chicks-net,466,325,280,1.4338461538461538
chicks-net/data-curated,419,327,238,1.2813455657492354
fini-net/template-repo,345,171,135,2.017543859649123
fini-net/gh-observer,336,200,178,1.68
chicks-net/chicks-home,176,109,105,1.614678899082569
fini-net/fini-infra,168,103,96,1.6310679611650485
chicks-net/google-plus-posts-dumper,133,95,94,1.4
fini-net/fini-coredns-example,103,78,75,1.3205128205128205
fini-net/www-fini-net,97,71,72,1.3661971830985915
fini-net/fini-domains,89,72,71,1.2361111111111112
chicks-net/my-user-manuals,80,67,61,1.1940298507462686
chicks-net/presentation-notes,71,63,59,1.126984126984127
chicks-net/mythical_person_month,69,47,45,1.4680851063829787
fini-net/cw,65,46,46,1.4130434782608696
chicks-net/homebrew-chicks,58,44,43,1.3181818181818181
