month,emoji_count,commit_count,emojis_per_commit
2024-09-01T00:00:00Z,160,133,1.2030075187969924
2024-10-01T00:00:00Z,38,25,1.52
2024-11-01T00:00:00Z,22,17,1.2941176470588236
2025-01-01T00:00:00Z,2,2,1
2025-02-01T00:00:00Z,3,2,1.5
2025-03-01T00:00:00Z,35,27,1.2962962962962963
2025-04-01T00:00:00Z,56,43,1.302325581395349
2025-05-01T00:00:00Z,68,56,1.2142857142857142
2025-06-01T00:00:00Z,53,40,1.325
2025-07-01T00:00:00Z,52,39,1.3333333333333333
2025-08-01T00:00:00Z,46,36,1.2777777777777777
2025-09-01T00:00:00Z,206,155,1.3290322580645162
2025-10-01T00:00:00Z,191,128,1.4921875
2025-11-01T00:00:00Z,240,176,1.3636363636363635
2025-12-01T00:00:00Z,188,135,1.3925925925925926
2026-01-01T00:00:00Z,208,128,1.625
2026-02-01T00:00:00Z,44,31,1.4193548387096775
