emojis,n,percentage,rank,cumulative_pct
🐛,48,1.4782876501385895,1,1.4782876501385895
🧘,46,1.4166923313828148,2,2.8949799815214043
🎞,41,1.2627040344933786,3,4.157684016014783
🧼,37,1.1395133969818294,4,5.297197412996613
✅,34,1.0471204188481675,5,6.34431783184478
🧹,31,0.9547274407145057,6,7.299045272559286
🛡,30,0.9239297813366184,7,8.222975053895905
🙌,29,0.893132121958731,8,9.116107175854635
🟢,27,0.8315368032029566,9,9.947643979057592
🧑,23,0.7083461656914074,10,10.655990144749
🐈,22,0.6775485063135201,11,11.333538651062518
👣,22,0.6775485063135201,12,12.01108715737604
🍑,21,0.6467508469356329,13,12.657838004311673
💈,21,0.6467508469356329,14,13.304588851247305
⏱,19,0.5851555281798583,15,13.889744379427164
📖,19,0.5851555281798583,16,14.474899907607021
📝,19,0.5851555281798583,17,15.06005543578688
🙈,19,0.5851555281798583,18,15.645210963966738
🟠,19,0.5851555281798583,19,16.230366492146597
🫐,19,0.5851555281798583,20,16.815522020326455
📚,18,0.554357868801971,21,17.369879889128427
📛,18,0.554357868801971,22,17.924237757930396
🔧,17,0.5235602094240838,23,18.447797967354482
🤖,16,0.4927625500461965,24,18.940560517400677
🧰,16,0.4927625500461965,25,19.433323067446874
📊,15,0.4619648906683092,26,19.895287958115183
🔦,15,0.4619648906683092,27,20.357252848783492
🚰,15,0.4619648906683092,28,20.8192177394518
🎨,14,0.4311672312904219,29,21.250384970742225
👓,14,0.4311672312904219,30,21.681552202032645
🔢,14,0.4311672312904219,31,22.11271943332307
🛠,14,0.4311672312904219,32,22.54388666461349
📋,13,0.4003695719125347,33,22.944256236526023
🔍,13,0.4003695719125347,34,23.344625808438558
🖼,13,0.4003695719125347,35,23.744995380351092
🙊,13,0.4003695719125347,36,24.145364952263627
🚚,13,0.4003695719125347,37,24.54573452417616
🚜,13,0.4003695719125347,38,24.946104096088696
🟧,13,0.4003695719125347,39,25.34647366800123
🦩,13,0.4003695719125347,40,25.746843239913765
🌀,12,0.3695719125346474,41,26.116415152448415
🐚,12,0.3695719125346474,42,26.48598706498306
👔,12,0.3695719125346474,43,26.85555897751771
📃,12,0.3695719125346474,44,27.225130890052355
📐,12,0.3695719125346474,45,27.594702802587005
🛝,12,0.3695719125346474,46,27.96427471512165
🧮,12,0.3695719125346474,47,28.3338466276563
⚠,11,0.3387742531567601,48,28.672620880813056
📄,11,0.3387742531567601,49,29.011395133969817
📌,11,0.3387742531567601,50,29.350169387126577
📓,11,0.3387742531567601,51,29.688943640283338
🔏,11,0.3387742531567601,52,30.027717893440098
🔶,11,0.3387742531567601,53,30.36649214659686
🙉,11,0.3387742531567601,54,30.70526639975362
🧟,11,0.3387742531567601,55,31.04404065291038
✏,10,0.3079765937788728,56,31.35201724668925
✨,10,0.3079765937788728,57,31.659993840468125
🌈,10,0.3079765937788728,58,31.967970434246997
🍯,10,0.3079765937788728,59,32.27594702802587
🎬,10,0.3079765937788728,60,32.58392362180474
📗,10,0.3079765937788728,61,32.89190021558362
🔁,10,0.3079765937788728,62,33.199876809362486
🔄,10,0.3079765937788728,63,33.50785340314136
🖍,10,0.3079765937788728,64,33.815829996920236
🚣,10,0.3079765937788728,65,34.123806590699104
🤝,10,0.3079765937788728,66,34.43178318447798
🦾,10,0.3079765937788728,67,34.739759778256854
♻,9,0.2771789344009855,68,35.01693871265784
⚖,9,0.2771789344009855,69,35.294117647058826
✂,9,0.2771789344009855,70,35.57129658145981
🌻,9,0.2771789344009855,71,35.84847551586079
🎱,9,0.2771789344009855,72,36.12565445026178
🏛,9,0.2771789344009855,73,36.40283338466276
🐌,9,0.2771789344009855,74,36.68001231906375
👈,9,0.2771789344009855,75,36.957191253464735
💻,9,0.2771789344009855,76,37.23437018786572
📈,9,0.2771789344009855,77,37.51154912226671
📺,9,0.2771789344009855,78,37.78872805666769
🔒,9,0.2771789344009855,79,38.06590699106868
🔵,9,0.2771789344009855,80,38.343085925469666
🟡,9,0.2771789344009855,81,38.62026485987065
🦜,9,0.2771789344009855,82,38.89744379427164
🧠,9,0.2771789344009855,83,39.174622728672624
🧪,9,0.2771789344009855,84,39.4518016630736
🫡,9,0.2771789344009855,85,39.72898059747459
⌨,8,0.24638127502309826,86,39.97536187249769
☑,8,0.24638127502309826,87,40.22174314752079
➕,8,0.24638127502309826,88,40.46812442254389
🌌,8,0.24638127502309826,89,40.714505697566985
🌐,8,0.24638127502309826,90,40.96088697259008
🍉,8,0.24638127502309826,91,41.20726824761318
🎳,8,0.24638127502309826,92,41.453649522636276
🏢,8,0.24638127502309826,93,41.70003079765938
📒,8,0.24638127502309826,94,41.94641207268248
📙,8,0.24638127502309826,95,42.192793347705575
📦,8,0.24638127502309826,96,42.43917462272867
📪,8,0.24638127502309826,97,42.68555589775177
🗄,8,0.24638127502309826,98,42.931937172774866
🗓,8,0.24638127502309826,99,43.17831844779797
🚌,8,0.24638127502309826,100,43.42469972282107
🛑,8,0.24638127502309826,101,43.671080997844165
🤛,8,0.24638127502309826,102,43.91746227286726
🦅,8,0.24638127502309826,103,44.16384354789036
🦺,8,0.24638127502309826,104,44.410224822913456
🧱,8,0.24638127502309826,105,44.65660609793656
🪨,8,0.24638127502309826,106,44.90298737295966
♂,7,0.21558361564521095,107,45.118570988604866
✍,7,0.21558361564521095,108,45.334154604250074
🎥,7,0.21558361564521095,109,45.54973821989529
🎾,7,0.21558361564521095,110,45.7653218355405
🏎,7,0.21558361564521095,111,45.98090545118571
🏓,7,0.21558361564521095,112,46.19648906683092
🐪,7,0.21558361564521095,113,46.41207268247613
💡,7,0.21558361564521095,114,46.627656298121344
📆,7,0.21558361564521095,115,46.84323991376655
📸,7,0.21558361564521095,116,47.05882352941177
🔑,7,0.21558361564521095,117,47.274407145056976
🔬,7,0.21558361564521095,118,47.489990760702185
🔴,7,0.21558361564521095,119,47.7055743763474
🖋,7,0.21558361564521095,120,47.92115799199261
🗃,7,0.21558361564521095,121,48.136741607637816
🗞,7,0.21558361564521095,122,48.35232522328303
🚢,7,0.21558361564521095,123,48.56790883892824
🛶,7,0.21558361564521095,124,48.783492454573455
🛻,7,0.21558361564521095,125,48.99907607021866
🛼,7,0.21558361564521095,126,49.21465968586387
🤠,7,0.21558361564521095,127,49.43024330150909
🥎,7,0.21558361564521095,128,49.645826917154295
🦉,7,0.21558361564521095,129,49.8614105327995
🩹,7,0.21558361564521095,130,50.07699414844472
🪁,7,0.21558361564521095,131,50.29257776408993
🪛,7,0.21558361564521095,132,50.50816137973514
🫗,7,0.21558361564521095,133,50.72374499538035
⏩,6,0.1847859562673237,134,50.90853095164768
☠,6,0.1847859562673237,135,51.093316907914996
✔,6,0.1847859562673237,136,51.27810286418232
🌄,6,0.1847859562673237,137,51.46288882044964
🍻,6,0.1847859562673237,138,51.64767477671697
🍿,6,0.1847859562673237,139,51.832460732984295
🎯,6,0.1847859562673237,140,52.017246689251614
🎹,6,0.1847859562673237,141,52.20203264551894
🏈,6,0.1847859562673237,142,52.38681860178627
🏷,6,0.1847859562673237,143,52.571604558053586
🐣,6,0.1847859562673237,144,52.75639051432091
👨,6,0.1847859562673237,145,52.94117647058823
💾,6,0.1847859562673237,146,53.12596242685556
📏,6,0.1847859562673237,147,53.310748383122885
📹,6,0.1847859562673237,148,53.495534339390204
🔎,6,0.1847859562673237,149,53.68032029565753
🔣,6,0.1847859562673237,150,53.86510625192486
🔸,6,0.1847859562673237,151,54.049892208192176
🚓,6,0.1847859562673237,152,54.2346781644595
🛩,6,0.1847859562673237,153,54.41946412072682
🛳,6,0.1847859562673237,154,54.60425007699415
🟣,6,0.1847859562673237,155,54.789036033261475
🥁,6,0.1847859562673237,156,54.973821989528794
🥅,6,0.1847859562673237,157,55.15860794579612
🥕,6,0.1847859562673237,158,55.34339390206344
🥸,6,0.1847859562673237,159,55.528179858330766
🦿,6,0.1847859562673237,160,55.71296581459809
🧗,6,0.1847859562673237,161,55.89775177086541
🧾,6,0.1847859562673237,162,56.08253772713274
🪂,6,0.1847859562673237,163,56.267323683400065
🪞,6,0.1847859562673237,164,56.452109639667384
🪧,6,0.1847859562673237,165,56.63689559593471
⏲,5,0.1539882968894364,166,56.79088389282415
☎,5,0.1539882968894364,167,56.94487218971358
⛈,5,0.1539882968894364,168,57.098860486603016
⛳,5,0.1539882968894364,169,57.25284878349245
❌,5,0.1539882968894364,170,57.40683708038189
🌤,5,0.1539882968894364,171,57.56082537727133
🌲,5,0.1539882968894364,172,57.714813674160766
🌵,5,0.1539882968894364,173,57.8688019710502
🌷,5,0.1539882968894364,174,58.022790267939634
🍌,5,0.1539882968894364,175,58.17677856482907
🍏,5,0.1539882968894364,176,58.33076686171851
🎓,5,0.1539882968894364,177,58.484755158607946
🎮,5,0.1539882968894364,178,58.638743455497384
🎻,5,0.1539882968894364,179,58.79273175238682
🎼,5,0.1539882968894364,180,58.94672004927625
🏄,5,0.1539882968894364,181,59.10070834616569
🏟,5,0.1539882968894364,182,59.25469664305513
🐇,5,0.1539882968894364,183,59.408684939944564
🐘,5,0.1539882968894364,184,59.562673236834
🐠,5,0.1539882968894364,185,59.71666153372344
🐡,5,0.1539882968894364,186,59.87064983061288
🐥,5,0.1539882968894364,187,60.02463812750231
👉,5,0.1539882968894364,188,60.178626424391744
👷,5,0.1539882968894364,189,60.33261472128118
💚,5,0.1539882968894364,190,60.48660301817062
💬,5,0.1539882968894364,191,60.64059131506006
📍,5,0.1539882968894364,192,60.794579611949494
📠,5,0.1539882968894364,193,60.948567908838925
🔥,5,0.1539882968894364,194,61.10255620572836
🔮,5,0.1539882968894364,195,61.2565445026178
🕛,5,0.1539882968894364,196,61.41053279950724
🕯,5,0.1539882968894364,197,61.564521096396675
🖊,5,0.1539882968894364,198,61.71850939328611
🖐,5,0.1539882968894364,199,61.87249769017555
🗜,5,0.1539882968894364,200,62.02648598706498
🗺,5,0.1539882968894364,201,62.18047428395442
🚀,5,0.1539882968894364,202,62.334462580843855
🚨,5,0.1539882968894364,203,62.48845087773329
🛰,5,0.1539882968894364,204,62.64243917462273
🥈,5,0.1539882968894364,205,62.79642747151217
🥜,5,0.1539882968894364,206,62.950415768401605
🥥,5,0.1539882968894364,207,63.104404065291035
🥦,5,0.1539882968894364,208,63.25839236218047
🦋,5,0.1539882968894364,209,63.41238065906991
🦕,5,0.1539882968894364,210,63.56636895595935
🦢,5,0.1539882968894364,211,63.720357252848785
🦨,5,0.1539882968894364,212,63.87434554973822
🧲,5,0.1539882968894364,213,64.02833384662766
🪜,5,0.1539882968894364,214,64.1823221435171
🪭,5,0.1539882968894364,215,64.33631044040654
🪴,5,0.1539882968894364,216,64.49029873729596
⏳,4,0.12319063751154913,217,64.61348937480751
☃,4,0.12319063751154913,218,64.73668001231907
☔,4,0.12319063751154913,219,64.85987064983061
♀,4,0.12319063751154913,220,64.98306128734217
⚓,4,0.12319063751154913,221,65.10625192485371
⚙,4,0.12319063751154913,222,65.22944256236526
⚡,4,0.12319063751154913,223,65.3526331998768
⚾,4,0.12319063751154913,224,65.47582383738836
⛸,4,0.12319063751154913,225,65.5990144748999
⛹,4,0.12319063751154913,226,65.72220511241146
⛽,4,0.12319063751154913,227,65.845395749923
🌂,4,0.12319063751154913,228,65.96858638743456
🌃,4,0.12319063751154913,229,66.09177702494611
🌊,4,0.12319063751154913,230,66.21496766245765
🌚,4,0.12319063751154913,231,66.33815829996921
🍟,4,0.12319063751154913,232,66.46134893748075
🍩,4,0.12319063751154913,233,66.5845395749923
🍽,4,0.12319063751154913,234,66.70773021250385
🎐,4,0.12319063751154913,235,66.8309208500154
🎖,4,0.12319063751154913,236,66.95411148752694
🎗,4,0.12319063751154913,237,67.0773021250385
🎣,4,0.12319063751154913,238,67.20049276255004
🎩,4,0.12319063751154913,239,67.3236834000616
🎪,4,0.12319063751154913,240,67.44687403757314
🎲,4,0.12319063751154913,241,67.5700646750847
🎶,4,0.12319063751154913,242,67.69325531259625
🎺,4,0.12319063751154913,243,67.81644595010779
🎽,4,0.12319063751154913,244,67.93963658761935
🏆,4,0.12319063751154913,245,68.06282722513089
🏐,4,0.12319063751154913,246,68.18601786264244
🏗,4,0.12319063751154913,247,68.30920850015399
🏙,4,0.12319063751154913,248,68.43239913766554
🏭,4,0.12319063751154913,249,68.55558977517708
🏳,4,0.12319063751154913,250,68.67878041268864
🏸,4,0.12319063751154913,251,68.80197105020018
🐕,4,0.12319063751154913,252,68.92516168771174
🐧,4,0.12319063751154913,253,69.04835232522328
🐬,4,0.12319063751154913,254,69.17154296273483
🐻,4,0.12319063751154913,255,69.29473360024639
👀,4,0.12319063751154913,256,69.41792423775793
👋,4,0.12319063751154913,257,69.54111487526949
👑,4,0.12319063751154913,258,69.66430551278103
👟,4,0.12319063751154913,259,69.78749615029258
👽,4,0.12319063751154913,260,69.91068678780412
💀,4,0.12319063751154913,261,70.03387742531568
💂,4,0.12319063751154913,262,70.15706806282722
💊,4,0.12319063751154913,263,70.28025870033878
💨,4,0.12319063751154913,264,70.40344933785032
💰,4,0.12319063751154913,265,70.52663997536187
💸,4,0.12319063751154913,266,70.64983061287342
📁,4,0.12319063751154913,267,70.77302125038497
📅,4,0.12319063751154913,268,70.89621188789653
📰,4,0.12319063751154913,269,71.01940252540807
📻,4,0.12319063751154913,270,71.14259316291962
🔌,4,0.12319063751154913,271,71.26578380043117
🔻,4,0.12319063751154913,272,71.38897443794272
🔼,4,0.12319063751154913,273,71.51216507545426
🕸,4,0.12319063751154913,274,71.63535571296582
🖇,4,0.12319063751154913,275,71.75854635047736
🖕,4,0.12319063751154913,276,71.88173698798892
🖥,4,0.12319063751154913,277,72.00492762550046
🗨,4,0.12319063751154913,278,72.12811826301201
🗽,4,0.12319063751154913,279,72.25130890052355
🚥,4,0.12319063751154913,280,72.37449953803511
🚵,4,0.12319063751154913,281,72.49769017554667
🛀,4,0.12319063751154913,282,72.620880813058207
🛋,4,0.12319063751154913,283,72.74407145056976
🛤,4,0.12319063751154913,284,72.8672620880813
🛬,4,0.12319063751154913,285,72.99045272559286
🤐,4,0.12319063751154913,286,73.1136433631044
🤜,4,0.12319063751154913,287,73.23683400061596
🤵,4,0.12319063751154913,288,73.3600246381275
🤹,4,0.12319063751154913,289,73.48321527563905
🥇,4,0.12319063751154913,290,73.6064059131506
🥉,4,0.12319063751154913,291,73.72959655066215
🥋,4,0.12319063751154913,292,73.85278718817369
🥫,4,0.12319063751154913,293,73.97597782568525
🦡,4,0.12319063751154913,294,74.0991684631968
🦮,4,0.12319063751154913,295,74.22235910070835
🦯,4,0.12319063751154913,296,74.3455497382199
🦸,4,0.12319063751154913,297,74.46874037573144
🧳,4,0.12319063751154913,298,74.591931013243
🪃,4,0.12319063751154913,299,74.71512165075454
🪉,4,0.12319063751154913,300,74.8383122882661
🪖,4,0.12319063751154913,301,74.96150292577764
🪗,4,0.12319063751154913,302,75.08469356328919
🪙,4,0.12319063751154913,303,75.20788420080073
🪣,4,0.12319063751154913,304,75.33107483831229
🪤,4,0.12319063751154913,305,75.45426547582383
🪩,4,0.12319063751154913,306,75.57745611333539
🫁,4,0.12319063751154913,307,75.70064675084694
⌚,3,0.09239297813366185,308,75.7930397289806
⏸,3,0.09239297813366185,309,75.88543270711426
♟,3,0.09239297813366185,310,75.97782568524792
⚪,3,0.09239297813366185,311,76.07021866338158
⛴,3,0.09239297813366185,312,76.16261164151524
❄,3,0.09239297813366185,313,76.2550046196489
❎,3,0.09239297813366185,314,76.34739759778257
➡,3,0.09239297813366185,315,76.43979057591623
🌦,3,0.09239297813366185,316,76.5321835540499
🌪,3,0.09239297813366185,317,76.62457653218355
🌳,3,0.09239297813366185,318,76.71696951031721
🍊,3,0.09239297813366185,319,76.80936248845087
🍎,3,0.09239297813366185,320,76.90175546658455
🍭,3,0.09239297813366185,321,76.9941484447182
🍰,3,0.09239297813366185,322,77.08654142285187
🍸,3,0.09239297813366185,323,77.17893440098553
🍺,3,0.09239297813366185,324,77.27132737911919
🎁,3,0.09239297813366185,325,77.36372035725284
🎃,3,0.09239297813366185,326,77.4561133353865
🎍,3,0.09239297813366185,327,77.54850631352018
🎙,3,0.09239297813366185,328,77.64089929165384
🎛,3,0.09239297813366185,329,77.7332922697875
🎡,3,0.09239297813366185,330,77.82568524792116
🎧,3,0.09239297813366185,331,77.91807822605482
🎸,3,0.09239297813366185,332,78.01047120418848
🏀,3,0.09239297813366185,333,78.10286418232215
🏁,3,0.09239297813366185,334,78.19525716045581
🏃,3,0.09239297813366185,335,78.28765013858947
🏍,3,0.09239297813366185,336,78.38004311672313
🏖,3,0.09239297813366185,337,78.47243609485679
🏘,3,0.09239297813366185,338,78.56482907299045
🏡,3,0.09239297813366185,339,78.65722205112411
🏦,3,0.09239297813366185,340,78.74961502925778
🏪,3,0.09239297813366185,341,78.84200800739144
🐾,3,0.09239297813366185,342,78.9344009855251
👥,3,0.09239297813366185,343,79.02679396365876
👧,3,0.09239297813366185,344,79.11918694179242
👩,3,0.09239297813366185,345,79.21157991992608
👻,3,0.09239297813366185,346,79.30397289805975
💐,3,0.09239297813366185,347,79.39636587619341
💦,3,0.09239297813366185,348,79.48875885432707
💼,3,0.09239297813366185,349,79.58115183246073
📀,3,0.09239297813366185,350,79.6735448105944
📉,3,0.09239297813366185,351,79.76593778872805
📎,3,0.09239297813366185,352,79.85833076686171
📞,3,0.09239297813366185,353,79.95072374499539
📢,3,0.09239297813366185,354,80.04311672312905
📲,3,0.09239297813366185,355,80.1355097012627
📽,3,0.09239297813366185,356,80.22790267939637
🔀,3,0.09239297813366185,357,80.32029565753002
🔔,3,0.09239297813366185,358,80.41268863566368
🔭,3,0.09239297813366185,359,80.50508161379736
🕰,3,0.09239297813366185,360,80.59747459193102
🕴,3,0.09239297813366185,361,80.68986757006468
🖨,3,0.09239297813366185,362,80.78226054819834
😇,3,0.09239297813366185,363,80.874653526332
🚁,3,0.09239297813366185,364,80.96704650446566
🚅,3,0.09239297813366185,365,81.05943948259933
🚏,3,0.09239297813366185,366,81.15183246073299
🚗,3,0.09239297813366185,367,81.24422543886665
🚛,3,0.09239297813366185,368,81.33661841700031
🚠,3,0.09239297813366185,369,81.42901139513397
🚡,3,0.09239297813366185,370,81.52140437326763
🚲,3,0.09239297813366185,371,81.61379735140129
🚴,3,0.09239297813366185,372,81.70619032953496
🛒,3,0.09239297813366185,373,81.79858330766862
🛟,3,0.09239297813366185,374,81.89097628580228
🛵,3,0.09239297813366185,375,81.98336926393594
🛹,3,0.09239297813366185,376,82.0757622420696
🟤,3,0.09239297813366185,377,82.16815522020326
🟦,3,0.09239297813366185,378,82.26054819833693
🟩,3,0.09239297813366185,379,82.3529411764706
🤏,3,0.09239297813366185,380,82.44533415460425
🤑,3,0.09239297813366185,381,82.53772713273791
🤓,3,0.09239297813366185,382,82.63012011087157
🤷,3,0.09239297813366185,383,82.72251308900523
🤸,3,0.09239297813366185,384,82.81490606713889
🤿,3,0.09239297813366185,385,82.90729904527257
🥌,3,0.09239297813366185,386,82.99969202340623
🥐,3,0.09239297813366185,387,83.09208500153989
🥛,3,0.09239297813366185,388,83.18447797967355
🥣,3,0.09239297813366185,389,83.2768709578072
🥷,3,0.09239297813366185,390,83.36926393594086
🥼,3,0.09239297813366185,391,83.46165691407454
🦀,3,0.09239297813366185,392,83.5540498922082
🧂,3,0.09239297813366185,393,83.64644287034186
🧅,3,0.09239297813366185,394,83.73883584847552
🧇,3,0.09239297813366185,395,83.83122882660918
🧌,3,0.09239297813366185,396,83.92362180474284
🧡,3,0.09239297813366185,397,84.0160147828765
🧩,3,0.09239297813366185,398,84.10840776101017
🩻,3,0.09239297813366185,399,84.20080073914383
🪒,3,0.09239297813366185,400,84.29319371727749
🪕,3,0.09239297813366185,401,84.38558669541115
🪚,3,0.09239297813366185,402,84.47797967354481
☄,2,0.061595318755774564,403,84.53957499230059
☕,2,0.061595318755774564,404,84.60117031105636
☝,2,0.061595318755774564,405,84.66276562981214
☢,2,0.061595318755774564,406,84.7243609485679
⚜,2,0.061595318755774564,407,84.78595626732368
⚫,2,0.061595318755774564,408,84.84755158607946
⚱,2,0.061595318755774564,409,84.90914690483524
⚽,2,0.061595318755774564,410,84.970742223591
⛅,2,0.061595318755774564,411,85.03233754234678
⛏,2,0.061595318755774564,412,85.09393286110256
⛷,2,0.061595318755774564,413,85.15552817985834
⛺,2,0.061595318755774564,414,85.2171234986141
✈,2,0.061595318755774564,415,85.27871881736988
❓,2,0.061595318755774564,416,85.34031413612566
🌁,2,0.061595318755774564,417,85.40190945488143
🌋,2,0.061595318755774564,418,85.46350477363721
🌞,2,0.061595318755774564,419,85.52510009239298
🌠,2,0.061595318755774564,420,85.58669541114875
🌥,2,0.061595318755774564,421,85.64829072990453
🌨,2,0.061595318755774564,422,85.70988604866031
🌱,2,0.061595318755774564,423,85.77148136741607
🌹,2,0.061595318755774564,424,85.83307668617185
🍁,2,0.061595318755774564,425,85.89467200492763
🍄,2,0.061595318755774564,426,85.9562673236834
🍇,2,0.061595318755774564,427,86.01786264243917
🍋,2,0.061595318755774564,428,86.07945796119495
🍍,2,0.061595318755774564,429,86.14105327995073
🍖,2,0.061595318755774564,430,86.2026485987065
🍜,2,0.061595318755774564,431,86.26424391746228
🍪,2,0.061595318755774564,432,86.32583923621804
🍱,2,0.061595318755774564,433,86.38743455497382
🍴,2,0.061595318755774564,434,86.4490298737296
🍵,2,0.061595318755774564,435,86.51062519248538
🍷,2,0.061595318755774564,436,86.57222051124114
🎀,2,0.061595318755774564,437,86.63381582999692
🎄,2,0.061595318755774564,438,86.6954111487527
🎈,2,0.061595318755774564,439,86.75700646750848
🎚,2,0.061595318755774564,440,86.81860178626424
🎷,2,0.061595318755774564,441,86.88019710502002
🏂,2,0.061595318755774564,442,86.9417924237758
🏅,2,0.061595318755774564,443,87.00338774253157
🏊,2,0.061595318755774564,444,87.06498306128735
🏒,2,0.061595318755774564,445,87.12657838004311
🏚,2,0.061595318755774564,446,87.18817369879889
🏴,2,0.061595318755774564,447,87.24976901755467
🐋,2,0.061595318755774564,448,87.31136433631045
🐢,2,0.061595318755774564,449,87.37295965506621
🐦,2,0.061595318755774564,450,87.43455497382199
🐩,2,0.061595318755774564,451,87.49615029257777
🐭,2,0.061595318755774564,452,87.55774561133354
🐱,2,0.061595318755774564,453,87.61934093008931
🐽,2,0.061595318755774564,454,87.68093624884509
👁,2,0.061595318755774564,455,87.74253156760086
👌,2,0.061595318755774564,456,87.80412688635664
👙,2,0.061595318755774564,457,87.86572220511242
👢,2,0.061595318755774564,458,87.92731752386818
👪,2,0.061595318755774564,459,87.98891284262396
👮,2,0.061595318755774564,460,88.05050816137974
👴,2,0.061595318755774564,461,88.11210348013552
👾,2,0.061595318755774564,462,88.17369879889128
💒,2,0.061595318755774564,463,88.23529411764706
💕,2,0.061595318755774564,464,88.29688943640284
💠,2,0.061595318755774564,465,88.35848475515861
💧,2,0.061595318755774564,466,88.42008007391438
💯,2,0.061595318755774564,467,88.48167539267016
💱,2,0.061595318755774564,468,88.54327071142593
💲,2,0.061595318755774564,469,88.60486603018171
💹,2,0.061595318755774564,470,88.66646134893749
💽,2,0.061595318755774564,471,88.72805666769325
📟,2,0.061595318755774564,472,88.78965198644903
📡,2,0.061595318755774564,473,88.85124730520481
📬,2,0.061595318755774564,474,88.91284262396059
📯,2,0.061595318755774564,475,88.97443794271635
📼,2,0.061595318755774564,476,89.03603326147213
🔃,2,0.061595318755774564,477,89.0976285802279
🔆,2,0.061595318755774564,478,89.15922389898368
🔓,2,0.061595318755774564,479,89.22081921773945
🔕,2,0.061595318755774564,480,89.28241453649522
🔗,2,0.061595318755774564,481,89.344009855251
🔜,2,0.061595318755774564,482,89.40560517400678
🔰,2,0.061595318755774564,483,89.46720049276256
🔷,2,0.061595318755774564,484,89.52879581151832
🔺,2,0.061595318755774564,485,89.5903911302741
🕊,2,0.061595318755774564,486,89.65198644902988
🕘,2,0.061595318755774564,487,89.71358176778566
🕚,2,0.061595318755774564,488,89.77517708654142
🕥,2,0.061595318755774564,489,89.8367724052972
🕶,2,0.061595318755774564,490,89.89836772405297
🖌,2,0.061595318755774564,491,89.95996304280875
🖖,2,0.061595318755774564,492,90.02155836156452
🗂,2,0.061595318755774564,493,90.0831536803203
🗼,2,0.061595318755774564,494,90.14474899907607
🗾,2,0.061595318755774564,495,90.20634431783185
😮,2,0.061595318755774564,496,90.26793963658763
😱,2,0.061595318755774564,497,90.32953495534339
🚉,2,0.061595318755774564,498,90.39113027409917
🚎,2,0.061595318755774564,499,90.45272559285495
🚐,2,0.061595318755774564,500,90.51432091161072
🚒,2,0.061595318755774564,501,90.57591623036649
🚘,2,0.061595318755774564,502,90.63751154912227
🚟,2,0.061595318755774564,503,90.69910686787804
🚩,2,0.061595318755774564,504,90.76070218663382
🚪,2,0.061595318755774564,505,90.82229750538959
🚬,2,0.061595318755774564,506,90.88389282414536
🚼,2,0.061595318755774564,507,90.94548814290114
🛄,2,0.061595318755774564,508,91.00708346165692
🛍,2,0.061595318755774564,509,91.0686787804127
🛖,2,0.061595318755774564,510,91.13027409916846
🛴,2,0.061595318755774564,511,91.19186941792424
🟨,2,0.061595318755774564,512,91.25346473668002
🟪,2,0.061595318755774564,513,91.3150600554358
🟫,2,0.061595318755774564,514,91.37665537419156
🟰,2,0.061595318755774564,515,91.43825069294734
🤕,2,0.061595318755774564,516,91.49984601170311
🤚,2,0.061595318755774564,517,91.56144133045889
🤦,2,0.061595318755774564,518,91.62303664921465
🤴,2,0.061595318755774564,519,91.68463196797043
🥊,2,0.061595318755774564,520,91.74622728672621
🥏,2,0.061595318755774564,521,91.80782260548199
🥓,2,0.061595318755774564,522,91.86941792423777
🥨,2,0.061595318755774564,523,91.93101324299353
🥯,2,0.061595318755774564,524,91.99260856174931
🥳,2,0.061595318755774564,525,92.05420388050509
🥽,2,0.061595318755774564,526,92.11579919926086
🦃,2,0.061595318755774564,527,92.17739451801663
🦄,2,0.061595318755774564,528,92.2389898367724
🦌,2,0.061595318755774564,529,92.30058515552818
🦏,2,0.061595318755774564,530,92.36218047428396
🦒,2,0.061595318755774564,531,92.42377579303972
🦓,2,0.061595318755774564,532,92.4853711117955
🦚,2,0.061595318755774564,533,92.54696643055128
🦟,2,0.061595318755774564,534,92.60856174930706
🦥,2,0.061595318755774564,535,92.67015706806284
🦻,2,0.061595318755774564,536,92.7317523868186
🧁,2,0.061595318755774564,537,92.79334770557438
🧎,2,0.061595318755774564,538,92.85494302433015
🧜,2,0.061595318755774564,539,92.91653834308593
🧤,2,0.061595318755774564,540,92.9781336618417
🧨,2,0.061595318755774564,541,93.03972898059747
🧭,2,0.061595318755774564,542,93.10132429935325
🧶,2,0.061595318755774564,543,93.16291961810903
🧷,2,0.061595318755774564,544,93.2245149368648
🪆,2,0.061595318755774564,545,93.28611025562057
🪐,2,0.061595318755774564,546,93.34770557437635
🪑,2,0.061595318755774564,547,93.40930089313213
🪟,2,0.061595318755774564,548,93.4708962118879
🪡,2,0.061595318755774564,549,93.53249153064367
🪢,2,0.061595318755774564,550,93.59408684939945
🪥,2,0.061595318755774564,551,93.65568216815522
🪵,2,0.061595318755774564,552,93.717277486911
🪷,2,0.061595318755774564,553,93.77887280566677
🫂,2,0.061595318755774564,554,93.84046812442254
🫙,2,0.061595318755774564,555,93.90206344317832
🫣,2,0.061595318755774564,556,93.9636587619341
🫥,2,0.061595318755774564,557,94.02525408068986
⏫,1,0.030797659377887282,558,94.05605174006776
⏬,1,0.030797659377887282,559,94.08684939944564
⏭,1,0.030797659377887282,560,94.11764705882354
⏹,1,0.030797659377887282,561,94.14844471820142
⛑,1,0.030797659377887282,562,94.1792423775793
⛓,1,0.030797659377887282,563,94.2100400369572
⛩,1,0.030797659377887282,564,94.24083769633508
⛪,1,0.030797659377887282,565,94.27163535571297
⛲,1,0.030797659377887282,566,94.30243301509086
✋,1,0.030797659377887282,567,94.33323067446874
✌,1,0.030797659377887282,568,94.36402833384663
✳,1,0.030797659377887282,569,94.39482599322452
❇,1,0.030797659377887282,570,94.4256236526024
❔,1,0.030797659377887282,571,94.456421311980293
➖,1,0.030797659377887282,572,94.48721897135817
➗,1,0.030797659377887282,573,94.51801663073607
➿,1,0.030797659377887282,574,94.54881429011395
🀄,1,0.030797659377887282,575,94.57961194949183
🌇,1,0.030797659377887282,576,94.61040960886973
🌍,1,0.030797659377887282,577,94.64120726824761
🌎,1,0.030797659377887282,578,94.67200492762551
🌑,1,0.030797659377887282,579,94.70280258700339
🌙,1,0.030797659377887282,580,94.73360024638127
🌩,1,0.030797659377887282,581,94.76439790575917
🌫,1,0.030797659377887282,582,94.79519556513705
🌮,1,0.030797659377887282,583,94.82599322451493
🌴,1,0.030797659377887282,584,94.85679088389283
🌼,1,0.030797659377887282,585,94.88758854327071
🌽,1,0.030797659377887282,586,94.9183862026486
🍀,1,0.030797659377887282,587,94.94918386202649
🍂,1,0.030797659377887282,588,94.97998152140437
🍃,1,0.030797659377887282,589,95.01077918078227
🍐,1,0.030797659377887282,590,95.04157684016015
🍕,1,0.030797659377887282,591,95.07237449953804
🍠,1,0.030797659377887282,592,95.10317215891592
🍦,1,0.030797659377887282,593,95.1339698182938
🍫,1,0.030797659377887282,594,95.1647674776717
🍳,1,0.030797659377887282,595,95.19556513704958
🍼,1,0.030797659377887282,596,95.22636279642747
🎅,1,0.030797659377887282,597,95.25716045580536
🎉,1,0.030797659377887282,598,95.28795811518324
🎎,1,0.030797659377887282,599,95.31875577456114
🎏,1,0.030797659377887282,600,95.34955343393902
🎑,1,0.030797659377887282,601,95.3803510933169
🎤,1,0.030797659377887282,602,95.4111487526948
🎭,1,0.030797659377887282,603,95.44194641207268
🎴,1,0.030797659377887282,604,95.47274407145058
🏇,1,0.030797659377887282,605,95.50354173082846
🏋,1,0.030797659377887282,606,95.53433939020634
🏏,1,0.030797659377887282,607,95.56513704958424
🏕,1,0.030797659377887282,608,95.59593470896212
🏞,1,0.030797659377887282,609,95.62673236834
🏫,1,0.030797659377887282,610,95.6575300277179
🏮,1,0.030797659377887282,611,95.68832768709578
🏹,1,0.030797659377887282,612,95.71912534647367
🐐,1,0.030797659377887282,613,95.74992300585156
🐔,1,0.030797659377887282,614,95.78072066522944
🐙,1,0.030797659377887282,615,95.81151832460733
🐜,1,0.030797659377887282,616,95.84231598398522
🐝,1,0.030797659377887282,617,95.87311364336311
🐫,1,0.030797659377887282,618,95.903911302741
🐳,1,0.030797659377887282,619,95.93470896211888
🐼,1,0.030797659377887282,620,95.96550662149677
👆,1,0.030797659377887282,621,95.99630428087465
👇,1,0.030797659377887282,622,96.02710194025254
👎,1,0.030797659377887282,623,96.05789959963043
👒,1,0.030797659377887282,624,96.08869725900831
👕,1,0.030797659377887282,625,96.11949491838621
👖,1,0.030797659377887282,626,96.15029257776409
👛,1,0.030797659377887282,627,96.18109023714197
👤,1,0.030797659377887282,628,96.21188789651987
👦,1,0.030797659377887282,629,96.24268555589775
👫,1,0.030797659377887282,630,96.27348321527565
💅,1,0.030797659377887282,631,96.30428087465353
💌,1,0.030797659377887282,632,96.33507853403141
💜,1,0.030797659377887282,633,96.3658761934093
💟,1,0.030797659377887282,634,96.39667385278719
💣,1,0.030797659377887282,635,96.42747151216508
💤,1,0.030797659377887282,636,96.45826917154297
💭,1,0.030797659377887282,637,96.48906683092085
💵,1,0.030797659377887282,638,96.51986449029874
📂,1,0.030797659377887282,639,96.55066214967663
📇,1,0.030797659377887282,640,96.58145980905451
📔,1,0.030797659377887282,641,96.6122574684324
📜,1,0.030797659377887282,642,96.64305512781029
📣,1,0.030797659377887282,643,96.67385278718818
📥,1,0.030797659377887282,644,96.70465044656606
📫,1,0.030797659377887282,645,96.73544810594395
📶,1,0.030797659377887282,646,96.76624576532184
📷,1,0.030797659377887282,647,96.79704342469972
🔅,1,0.030797659377887282,648,96.82784108407762
🔋,1,0.030797659377887282,649,96.8586387434555
🔖,1,0.030797659377887282,650,96.88943640283338
🔟,1,0.030797659377887282,651,96.92023406221128
🔤,1,0.030797659377887282,652,96.95103172158916
🔪,1,0.030797659377887282,653,96.98182938096704
🕑,1,0.030797659377887282,654,97.01262704034494
🕔,1,0.030797659377887282,655,97.04342469972282
🕖,1,0.030797659377887282,656,97.07422235910072
🕗,1,0.030797659377887282,657,97.1050200184786
🕙,1,0.030797659377887282,658,97.13581767785648
🕧,1,0.030797659377887282,659,97.16661533723438
🕹,1,0.030797659377887282,660,97.19741299661226
🖲,1,0.030797659377887282,661,97.22821065599015
🗑,1,0.030797659377887282,662,97.25900831536804
🗒,1,0.030797659377887282,663,97.28980597474592
🗣,1,0.030797659377887282,664,97.32060363412381
🗻,1,0.030797659377887282,665,97.3514012935017
🗿,1,0.030797659377887282,666,97.38219895287958
😂,1,0.030797659377887282,667,97.41299661225747
😃,1,0.030797659377887282,668,97.44379427163535
😅,1,0.030797659377887282,669,97.47459193101325
😎,1,0.030797659377887282,670,97.50538959039113
😞,1,0.030797659377887282,671,97.53618724976901
😠,1,0.030797659377887282,672,97.56698490914691
😢,1,0.030797659377887282,673,97.59778256852479
😴,1,0.030797659377887282,674,97.62858022790269
😶,1,0.030797659377887282,675,97.65937788728057
😷,1,0.030797659377887282,676,97.69017554665845
🙄,1,0.030797659377887282,677,97.72097320603635
🙋,1,0.030797659377887282,678,97.75177086541423
🙏,1,0.030797659377887282,679,97.78256852479211
🚂,1,0.030797659377887282,680,97.81336618417001
🚆,1,0.030797659377887282,681,97.84416384354789
🚍,1,0.030797659377887282,682,97.87496150292579
🚔,1,0.030797659377887282,683,97.90575916230367
🚕,1,0.030797659377887282,684,97.93655682168155
🚖,1,0.030797659377887282,685,97.967354481059445
🚙,1,0.030797659377887282,686,97.99815214043733
🚤,1,0.030797659377887282,687,98.02894979981522
🚭,1,0.030797659377887282,688,98.0597474591931
🚮,1,0.030797659377887282,689,98.09054511857099
🚶,1,0.030797659377887282,690,98.12134277794888
🚸,1,0.030797659377887282,691,98.15214043732676
🛁,1,0.030797659377887282,692,98.18293809670465
🛂,1,0.030797659377887282,693,98.21373575608254
🛎,1,0.030797659377887282,694,98.24453341546042
🛞,1,0.030797659377887282,695,98.27533107483832
🛷,1,0.030797659377887282,696,98.3061287342162
🛸,1,0.030797659377887282,697,98.33692639359408
🛺,1,0.030797659377887282,698,98.36772405297198
🟥,1,0.030797659377887282,699,98.39852171234986
🤘,1,0.030797659377887282,700,98.42931937172776
🤞,1,0.030797659377887282,701,98.46011703110564
🤡,1,0.030797659377887282,702,98.49091469048352
🤩,1,0.030797659377887282,703,98.52171234986142
🤮,1,0.030797659377887282,704,98.5525100092393
🤳,1,0.030797659377887282,705,98.58330766861718
🥍,1,0.030797659377887282,706,98.61410532799508
🥝,1,0.030797659377887282,707,98.64490298737296
🥞,1,0.030797659377887282,708,98.67570064675085
🥟,1,0.030797659377887282,709,98.70649830612874
🥤,1,0.030797659377887282,710,98.73729596550662
🥧,1,0.030797659377887282,711,98.76809362488451
🥶,1,0.030797659377887282,712,98.7988912842624
🦁,1,0.030797659377887282,713,98.82968894364029
🦈,1,0.030797659377887282,714,98.86048660301817
🦊,1,0.030797659377887282,715,98.89128426239606
🦍,1,0.030797659377887282,716,98.92208192177395
🦔,1,0.030797659377887282,717,98.95287958115183
🦘,1,0.030797659377887282,718,98.98367724052972
🦙,1,0.030797659377887282,719,99.01447489990761
🦧,1,0.030797659377887282,720,99.0452725592855
🦴,1,0.030797659377887282,721,99.07607021866339
🦶,1,0.030797659377887282,722,99.10686787804127
🧀,1,0.030797659377887282,723,99.13766553741915
🧈,1,0.030797659377887282,724,99.16846319679705
🧊,1,0.030797659377887282,725,99.19926085617493
🧚,1,0.030797659377887282,726,99.23005851555283
🧫,1,0.030797659377887282,727,99.26085617493071
🧯,1,0.030797659377887282,728,99.29165383430859
🧴,1,0.030797659377887282,729,99.32245149368649
🧵,1,0.030797659377887282,730,99.35324915306437
🧺,1,0.030797659377887282,731,99.38404681244225
🧽,1,0.030797659377887282,732,99.41484447182015
🩵,1,0.030797659377887282,733,99.44564213119803
🩶,1,0.030797659377887282,734,99.47643979057592
🪀,1,0.030797659377887282,735,99.5072374499538
🪅,1,0.030797659377887282,736,99.53803510933169
🪓,1,0.030797659377887282,737,99.56883276870958
🪘,1,0.030797659377887282,738,99.59963042808747
🪝,1,0.030797659377887282,739,99.63042808746536
🪠,1,0.030797659377887282,740,99.66122574684324
🪦,1,0.030797659377887282,741,99.69202340622113
🪫,1,0.030797659377887282,742,99.72282106559902
🪶,1,0.030797659377887282,743,99.7536187249769
🪺,1,0.030797659377887282,744,99.78441638435478
🪼,1,0.030797659377887282,745,99.81521404373268
🪿,1,0.030797659377887282,746,99.84601170311056
🫓,1,0.030797659377887282,747,99.87680936248846
🫔,1,0.030797659377887282,748,99.90760702186634
🫖,1,0.030797659377887282,749,99.93840468124422
🫲,1,0.030797659377887282,750,99.96920234062212
🫵,1,0.030797659377887282,751,100
