hour,n,hour_label,percentage
0,234,0,4.21090516465719
1,217,1,3.904984703976966
2,1099,2,19.776858016915604
3,719,3,12.93863595465179
4,192,4,3.455101673564873
5,136,5,2.4473636854417853
6,73,6,1.3136584488033112
7,75,7,1.3496490912362786
8,18,8,0.32391578189670683
9,19,9,0.34191110311319056
10,23,10,0.4138923879791255
11,53,11,0.9537520244736369
12,98,12,1.7635414792154038
13,156,13,2.8072701097714594
14,247,14,4.4448443404714775
15,291,15,5.236638473996761
16,223,16,4.012956631275869
17,288,17,5.182652510347309
18,223,18,4.012956631275869
19,211,19,3.7970127766780637
20,185,20,3.329134425049487
21,256,21,4.606802231419831
22,256,22,4.606802231419831
23,265,23,4.768760122368184
