original_tz,n,percentage
-07:00,1656,29.848594087959622
-08:00,739,13.320115356885365
-04:00,283,5.100937274693583
-05:00,149,2.6856524873828405
14:00Z,41,0.7390050468637346
13:59Z,27,0.48666186012977647
14:03Z,27,0.48666186012977647
14:02Z,26,0.4686373467916366
14:04Z,24,0.43258832011535686
14:01Z,23,0.414563806777217
13:58Z,20,0.3604902667627974
-06:00,18,0.32444124008651765
14:06Z,17,0.3064167267483778
16:09Z,14,0.25234318673395817
16:32Z,14,0.25234318673395817
13:50Z,13,0.2343186733958183
13:51Z,13,0.2343186733958183
13:57Z,13,0.2343186733958183
16:06Z,13,0.2343186733958183
14:05Z,12,0.21629416005767843
16:01Z,12,0.21629416005767843
16:08Z,12,0.21629416005767843
16:12Z,12,0.21629416005767843
13:48Z,11,0.19826964671953856
16:07Z,11,0.19826964671953856
16:25Z,11,0.19826964671953856
16:26Z,11,0.19826964671953856
16:31Z,11,0.19826964671953856
13:53Z,10,0.1802451333813987
14:07Z,10,0.1802451333813987
15:59Z,10,0.1802451333813987
16:03Z,10,0.1802451333813987
16:05Z,10,0.1802451333813987
16:14Z,10,0.1802451333813987
16:19Z,10,0.1802451333813987
13:52Z,9,0.16222062004325882
13:54Z,9,0.16222062004325882
16:11Z,9,0.16222062004325882
16:35Z,9,0.16222062004325882
16:48Z,9,0.16222062004325882
13:06Z,8,0.14419610670511895
13:08Z,8,0.14419610670511895
13:46Z,8,0.14419610670511895
13:56Z,8,0.14419610670511895
14:09Z,8,0.14419610670511895
15:11Z,8,0.14419610670511895
15:16Z,8,0.14419610670511895
15:52Z,8,0.14419610670511895
16:00Z,8,0.14419610670511895
16:02Z,8,0.14419610670511895
16:04Z,8,0.14419610670511895
16:16Z,8,0.14419610670511895
16:24Z,8,0.14419610670511895
16:34Z,8,0.14419610670511895
16:41Z,8,0.14419610670511895
13:47Z,7,0.12617159336697908
13:55Z,7,0.12617159336697908
14:08Z,7,0.12617159336697908
15:17Z,7,0.12617159336697908
15:20Z,7,0.12617159336697908
15:23Z,7,0.12617159336697908
15:26Z,7,0.12617159336697908
16:13Z,7,0.12617159336697908
16:15Z,7,0.12617159336697908
16:17Z,7,0.12617159336697908
16:22Z,7,0.12617159336697908
16:44Z,7,0.12617159336697908
13:49Z,6,0.10814708002883922
14:11Z,6,0.10814708002883922
14:14Z,6,0.10814708002883922
15:10Z,6,0.10814708002883922
15:18Z,6,0.10814708002883922
15:55Z,6,0.10814708002883922
15:58Z,6,0.10814708002883922
16:20Z,6,0.10814708002883922
16:21Z,6,0.10814708002883922
16:28Z,6,0.10814708002883922
16:33Z,6,0.10814708002883922
16:36Z,6,0.10814708002883922
16:37Z,6,0.10814708002883922
17:02Z,6,0.10814708002883922
17:06Z,6,0.10814708002883922
17:09Z,6,0.10814708002883922
17:13Z,6,0.10814708002883922
13:07Z,5,0.09012256669069935
14:10Z,5,0.09012256669069935
14:16Z,5,0.09012256669069935
14:52Z,5,0.09012256669069935
15:14Z,5,0.09012256669069935
15:19Z,5,0.09012256669069935
15:27Z,5,0.09012256669069935
15:42Z,5,0.09012256669069935
15:43Z,5,0.09012256669069935
15:53Z,5,0.09012256669069935
15:54Z,5,0.09012256669069935
15:57Z,5,0.09012256669069935
16:23Z,5,0.09012256669069935
16:27Z,5,0.09012256669069935
16:29Z,5,0.09012256669069935
16:38Z,5,0.09012256669069935
16:45Z,5,0.09012256669069935
16:49Z,5,0.09012256669069935
16:52Z,5,0.09012256669069935
16:58Z,5,0.09012256669069935
18:20Z,5,0.09012256669069935
14:56Z,4,0.07209805335255948
15:13Z,4,0.07209805335255948
15:15Z,4,0.07209805335255948
15:21Z,4,0.07209805335255948
15:24Z,4,0.07209805335255948
15:49Z,4,0.07209805335255948
15:56Z,4,0.07209805335255948
16:18Z,4,0.07209805335255948
16:39Z,4,0.07209805335255948
16:50Z,4,0.07209805335255948
16:56Z,4,0.07209805335255948
16:57Z,4,0.07209805335255948
16:59Z,4,0.07209805335255948
17:00Z,4,0.07209805335255948
19:27Z,4,0.07209805335255948
32:07Z,4,0.07209805335255948
34:48Z,4,0.07209805335255948
36:56Z,4,0.07209805335255948
39:21Z,4,0.07209805335255948
54:32Z,4,0.07209805335255948
01:46Z,3,0.05407354001441961
03:27Z,3,0.05407354001441961
09:13Z,3,0.05407354001441961
10:26Z,3,0.05407354001441961
13:09Z,3,0.05407354001441961
13:33Z,3,0.05407354001441961
14:13Z,3,0.05407354001441961
14:26Z,3,0.05407354001441961
14:45Z,3,0.05407354001441961
14:48Z,3,0.05407354001441961
14:54Z,3,0.05407354001441961
14:58Z,3,0.05407354001441961
15:05Z,3,0.05407354001441961
15:38Z,3,0.05407354001441961
15:39Z,3,0.05407354001441961
15:44Z,3,0.05407354001441961
15:45Z,3,0.05407354001441961
15:46Z,3,0.05407354001441961
15:50Z,3,0.05407354001441961
15:51Z,3,0.05407354001441961
16:10Z,3,0.05407354001441961
16:40Z,3,0.05407354001441961
16:42Z,3,0.05407354001441961
16:43Z,3,0.05407354001441961
16:46Z,3,0.05407354001441961
16:47Z,3,0.05407354001441961
16:53Z,3,0.05407354001441961
16:54Z,3,0.05407354001441961
17:07Z,3,0.05407354001441961
17:12Z,3,0.05407354001441961
17:15Z,3,0.05407354001441961
17:19Z,3,0.05407354001441961
17:32Z,3,0.05407354001441961
17:59Z,3,0.05407354001441961
18:04Z,3,0.05407354001441961
18:16Z,3,0.05407354001441961
19:40Z,3,0.05407354001441961
20:02Z,3,0.05407354001441961
20:25Z,3,0.05407354001441961
22:36Z,3,0.05407354001441961
23:40Z,3,0.05407354001441961
28:58Z,3,0.05407354001441961
33:13Z,3,0.05407354001441961
33:29Z,3,0.05407354001441961
38:27Z,3,0.05407354001441961
42:13Z,3,0.05407354001441961
42:18Z,3,0.05407354001441961
44:29Z,3,0.05407354001441961
44:35Z,3,0.05407354001441961
50:46Z,3,0.05407354001441961
52:09Z,3,0.05407354001441961
54:03Z,3,0.05407354001441961
56:39Z,3,0.05407354001441961
58:05Z,3,0.05407354001441961
58:26Z,3,0.05407354001441961
00:51Z,2,0.03604902667627974
01:17Z,2,0.03604902667627974
01:22Z,2,0.03604902667627974
01:51Z,2,0.03604902667627974
02:13Z,2,0.03604902667627974
02:23Z,2,0.03604902667627974
02:33Z,2,0.03604902667627974
02:53Z,2,0.03604902667627974
03:16Z,2,0.03604902667627974
03:21Z,2,0.03604902667627974
03:50Z,2,0.03604902667627974
03:55Z,2,0.03604902667627974
04:54Z,2,0.03604902667627974
06:01Z,2,0.03604902667627974
06:22Z,2,0.03604902667627974
06:31Z,2,0.03604902667627974
06:40Z,2,0.03604902667627974
06:43Z,2,0.03604902667627974
06:46Z,2,0.03604902667627974
07:03Z,2,0.03604902667627974
07:33Z,2,0.03604902667627974
07:45Z,2,0.03604902667627974
08:23Z,2,0.03604902667627974
08:40Z,2,0.03604902667627974
09:21Z,2,0.03604902667627974
09:35Z,2,0.03604902667627974
09:40Z,2,0.03604902667627974
09:42Z,2,0.03604902667627974
09:58Z,2,0.03604902667627974
10:08Z,2,0.03604902667627974
10:18Z,2,0.03604902667627974
10:21Z,2,0.03604902667627974
10:41Z,2,0.03604902667627974
11:01Z,2,0.03604902667627974
11:02Z,2,0.03604902667627974
11:14Z,2,0.03604902667627974
11:16Z,2,0.03604902667627974
11:25Z,2,0.03604902667627974
11:30Z,2,0.03604902667627974
12:44Z,2,0.03604902667627974
12:59Z,2,0.03604902667627974
13:03Z,2,0.03604902667627974
13:11Z,2,0.03604902667627974
13:26Z,2,0.03604902667627974
13:31Z,2,0.03604902667627974
13:37Z,2,0.03604902667627974
13:42Z,2,0.03604902667627974
14:27Z,2,0.03604902667627974
14:28Z,2,0.03604902667627974
14:29Z,2,0.03604902667627974
14:32Z,2,0.03604902667627974
14:33Z,2,0.03604902667627974
14:37Z,2,0.03604902667627974
14:38Z,2,0.03604902667627974
14:39Z,2,0.03604902667627974
14:41Z,2,0.03604902667627974
14:44Z,2,0.03604902667627974
14:46Z,2,0.03604902667627974
14:49Z,2,0.03604902667627974
14:55Z,2,0.03604902667627974
14:59Z,2,0.03604902667627974
15:03Z,2,0.03604902667627974
15:08Z,2,0.03604902667627974
15:12Z,2,0.03604902667627974
15:22Z,2,0.03604902667627974
15:25Z,2,0.03604902667627974
15:28Z,2,0.03604902667627974
15:29Z,2,0.03604902667627974
15:40Z,2,0.03604902667627974
15:41Z,2,0.03604902667627974
15:47Z,2,0.03604902667627974
16:51Z,2,0.03604902667627974
16:55Z,2,0.03604902667627974
17:03Z,2,0.03604902667627974
17:05Z,2,0.03604902667627974
17:08Z,2,0.03604902667627974
17:20Z,2,0.03604902667627974
17:22Z,2,0.03604902667627974
17:23Z,2,0.03604902667627974
17:26Z,2,0.03604902667627974
17:27Z,2,0.03604902667627974
17:31Z,2,0.03604902667627974
17:37Z,2,0.03604902667627974
17:41Z,2,0.03604902667627974
17:48Z,2,0.03604902667627974
17:49Z,2,0.03604902667627974
18:00Z,2,0.03604902667627974
18:11Z,2,0.03604902667627974
18:27Z,2,0.03604902667627974
18:28Z,2,0.03604902667627974
18:37Z,2,0.03604902667627974
18:55Z,2,0.03604902667627974
18:59Z,2,0.03604902667627974
19:23Z,2,0.03604902667627974
19:24Z,2,0.03604902667627974
19:36Z,2,0.03604902667627974
19:38Z,2,0.03604902667627974
20:05Z,2,0.03604902667627974
20:32Z,2,0.03604902667627974
20:33Z,2,0.03604902667627974
20:53Z,2,0.03604902667627974
21:31Z,2,0.03604902667627974
21:47Z,2,0.03604902667627974
21:49Z,2,0.03604902667627974
21:50Z,2,0.03604902667627974
22:13Z,2,0.03604902667627974
22:37Z,2,0.03604902667627974
22:39Z,2,0.03604902667627974
22:50Z,2,0.03604902667627974
22:54Z,2,0.03604902667627974
23:24Z,2,0.03604902667627974
23:41Z,2,0.03604902667627974
23:50Z,2,0.03604902667627974
23:53Z,2,0.03604902667627974
24:01Z,2,0.03604902667627974
24:12Z,2,0.03604902667627974
24:21Z,2,0.03604902667627974
24:24Z,2,0.03604902667627974
24:38Z,2,0.03604902667627974
24:42Z,2,0.03604902667627974
25:00Z,2,0.03604902667627974
25:06Z,2,0.03604902667627974
25:19Z,2,0.03604902667627974
25:44Z,2,0.03604902667627974
25:46Z,2,0.03604902667627974
25:51Z,2,0.03604902667627974
26:05Z,2,0.03604902667627974
26:14Z,2,0.03604902667627974
26:37Z,2,0.03604902667627974
27:14Z,2,0.03604902667627974
27:21Z,2,0.03604902667627974
27:52Z,2,0.03604902667627974
28:08Z,2,0.03604902667627974
28:36Z,2,0.03604902667627974
28:44Z,2,0.03604902667627974
29:03Z,2,0.03604902667627974
29:45Z,2,0.03604902667627974
30:15Z,2,0.03604902667627974
30:24Z,2,0.03604902667627974
30:25Z,2,0.03604902667627974
30:40Z,2,0.03604902667627974
31:02Z,2,0.03604902667627974
31:07Z,2,0.03604902667627974
31:24Z,2,0.03604902667627974
31:57Z,2,0.03604902667627974
32:05Z,2,0.03604902667627974
32:08Z,2,0.03604902667627974
32:12Z,2,0.03604902667627974
32:20Z,2,0.03604902667627974
32:21Z,2,0.03604902667627974
32:27Z,2,0.03604902667627974
32:50Z,2,0.03604902667627974
32:59Z,2,0.03604902667627974
33:00Z,2,0.03604902667627974
33:36Z,2,0.03604902667627974
34:19Z,2,0.03604902667627974
34:29Z,2,0.03604902667627974
34:34Z,2,0.03604902667627974
34:57Z,2,0.03604902667627974
35:12Z,2,0.03604902667627974
35:15Z,2,0.03604902667627974
35:47Z,2,0.03604902667627974
35:56Z,2,0.03604902667627974
36:01Z,2,0.03604902667627974
36:33Z,2,0.03604902667627974
36:35Z,2,0.03604902667627974
36:43Z,2,0.03604902667627974
36:57Z,2,0.03604902667627974
36:58Z,2,0.03604902667627974
37:04Z,2,0.03604902667627974
37:16Z,2,0.03604902667627974
37:31Z,2,0.03604902667627974
37:36Z,2,0.03604902667627974
37:38Z,2,0.03604902667627974
37:50Z,2,0.03604902667627974
38:01Z,2,0.03604902667627974
38:31Z,2,0.03604902667627974
38:45Z,2,0.03604902667627974
38:57Z,2,0.03604902667627974
39:04Z,2,0.03604902667627974
39:12Z,2,0.03604902667627974
39:35Z,2,0.03604902667627974
39:38Z,2,0.03604902667627974
39:42Z,2,0.03604902667627974
39:55Z,2,0.03604902667627974
40:21Z,2,0.03604902667627974
40:23Z,2,0.03604902667627974
40:26Z,2,0.03604902667627974
40:37Z,2,0.03604902667627974
41:03Z,2,0.03604902667627974
41:08Z,2,0.03604902667627974
41:13Z,2,0.03604902667627974
41:14Z,2,0.03604902667627974
41:20Z,2,0.03604902667627974
41:41Z,2,0.03604902667627974
41:47Z,2,0.03604902667627974
42:04Z,2,0.03604902667627974
42:35Z,2,0.03604902667627974
42:39Z,2,0.03604902667627974
43:14Z,2,0.03604902667627974
43:21Z,2,0.03604902667627974
43:22Z,2,0.03604902667627974
43:59Z,2,0.03604902667627974
44:01Z,2,0.03604902667627974
44:08Z,2,0.03604902667627974
44:38Z,2,0.03604902667627974
44:50Z,2,0.03604902667627974
45:13Z,2,0.03604902667627974
45:47Z,2,0.03604902667627974
46:02Z,2,0.03604902667627974
46:17Z,2,0.03604902667627974
46:19Z,2,0.03604902667627974
46:24Z,2,0.03604902667627974
46:50Z,2,0.03604902667627974
47:19Z,2,0.03604902667627974
47:27Z,2,0.03604902667627974
47:42Z,2,0.03604902667627974
47:43Z,2,0.03604902667627974
48:01Z,2,0.03604902667627974
48:08Z,2,0.03604902667627974
48:48Z,2,0.03604902667627974
49:05Z,2,0.03604902667627974
49:09Z,2,0.03604902667627974
49:20Z,2,0.03604902667627974
49:26Z,2,0.03604902667627974
49:28Z,2,0.03604902667627974
49:31Z,2,0.03604902667627974
50:22Z,2,0.03604902667627974
51:09Z,2,0.03604902667627974
51:16Z,2,0.03604902667627974
51:39Z,2,0.03604902667627974
51:42Z,2,0.03604902667627974
51:53Z,2,0.03604902667627974
51:56Z,2,0.03604902667627974
52:07Z,2,0.03604902667627974
52:13Z,2,0.03604902667627974
52:23Z,2,0.03604902667627974
52:56Z,2,0.03604902667627974
53:09Z,2,0.03604902667627974
53:15Z,2,0.03604902667627974
53:21Z,2,0.03604902667627974
53:27Z,2,0.03604902667627974
53:43Z,2,0.03604902667627974
55:03Z,2,0.03604902667627974
55:05Z,2,0.03604902667627974
55:47Z,2,0.03604902667627974
55:49Z,2,0.03604902667627974
55:54Z,2,0.03604902667627974
56:02Z,2,0.03604902667627974
56:10Z,2,0.03604902667627974
56:18Z,2,0.03604902667627974
56:26Z,2,0.03604902667627974
56:46Z,2,0.03604902667627974
57:14Z,2,0.03604902667627974
57:20Z,2,0.03604902667627974
57:45Z,2,0.03604902667627974
58:01Z,2,0.03604902667627974
58:28Z,2,0.03604902667627974
58:30Z,2,0.03604902667627974
58:32Z,2,0.03604902667627974
58:37Z,2,0.03604902667627974
58:39Z,2,0.03604902667627974
58:49Z,2,0.03604902667627974
58:51Z,2,0.03604902667627974
58:57Z,2,0.03604902667627974
59:06Z,2,0.03604902667627974
59:34Z,2,0.03604902667627974
59:45Z,2,0.03604902667627974
00:00Z,1,0.01802451333813987
00:02Z,1,0.01802451333813987
00:07Z,1,0.01802451333813987
00:12Z,1,0.01802451333813987
00:15Z,1,0.01802451333813987
00:19Z,1,0.01802451333813987
00:20Z,1,0.01802451333813987
00:21Z,1,0.01802451333813987
00:29Z,1,0.01802451333813987
00:30Z,1,0.01802451333813987
00:32Z,1,0.01802451333813987
00:39Z,1,0.01802451333813987
00:49Z,1,0.01802451333813987
00:58Z,1,0.01802451333813987
00:59Z,1,0.01802451333813987
01:04Z,1,0.01802451333813987
01:08Z,1,0.01802451333813987
01:10Z,1,0.01802451333813987
01:11Z,1,0.01802451333813987
01:16Z,1,0.01802451333813987
01:19Z,1,0.01802451333813987
01:21Z,1,0.01802451333813987
01:25Z,1,0.01802451333813987
01:26Z,1,0.01802451333813987
01:27Z,1,0.01802451333813987
01:29Z,1,0.01802451333813987
01:34Z,1,0.01802451333813987
01:35Z,1,0.01802451333813987
01:39Z,1,0.01802451333813987
01:43Z,1,0.01802451333813987
01:45Z,1,0.01802451333813987
01:54Z,1,0.01802451333813987
01:57Z,1,0.01802451333813987
02:01Z,1,0.01802451333813987
02:03Z,1,0.01802451333813987
02:09Z,1,0.01802451333813987
02:15Z,1,0.01802451333813987
02:16Z,1,0.01802451333813987
02:19Z,1,0.01802451333813987
02:25Z,1,0.01802451333813987
02:26Z,1,0.01802451333813987
02:29Z,1,0.01802451333813987
02:31Z,1,0.01802451333813987
02:32Z,1,0.01802451333813987
02:39Z,1,0.01802451333813987
02:41Z,1,0.01802451333813987
02:42Z,1,0.01802451333813987
02:44Z,1,0.01802451333813987
02:47Z,1,0.01802451333813987
02:50Z,1,0.01802451333813987
02:52Z,1,0.01802451333813987
02:59Z,1,0.01802451333813987
03:01Z,1,0.01802451333813987
03:07Z,1,0.01802451333813987
03:09Z,1,0.01802451333813987
03:10Z,1,0.01802451333813987
03:12Z,1,0.01802451333813987
03:13Z,1,0.01802451333813987
03:17Z,1,0.01802451333813987
03:19Z,1,0.01802451333813987
03:24Z,1,0.01802451333813987
03:31Z,1,0.01802451333813987
03:32Z,1,0.01802451333813987
03:39Z,1,0.01802451333813987
03:40Z,1,0.01802451333813987
03:41Z,1,0.01802451333813987
03:47Z,1,0.01802451333813987
03:51Z,1,0.01802451333813987
04:00Z,1,0.01802451333813987
04:01Z,1,0.01802451333813987
04:04Z,1,0.01802451333813987
04:07Z,1,0.01802451333813987
04:09Z,1,0.01802451333813987
04:12Z,1,0.01802451333813987
04:16Z,1,0.01802451333813987
04:20Z,1,0.01802451333813987
04:23Z,1,0.01802451333813987
04:27Z,1,0.01802451333813987
04:29Z,1,0.01802451333813987
04:32Z,1,0.01802451333813987
04:33Z,1,0.01802451333813987
04:34Z,1,0.01802451333813987
04:37Z,1,0.01802451333813987
04:38Z,1,0.01802451333813987
04:40Z,1,0.01802451333813987
04:47Z,1,0.01802451333813987
04:48Z,1,0.01802451333813987
04:51Z,1,0.01802451333813987
04:55Z,1,0.01802451333813987
05:10Z,1,0.01802451333813987
05:13Z,1,0.01802451333813987
05:17Z,1,0.01802451333813987
05:19Z,1,0.01802451333813987
05:20Z,1,0.01802451333813987
05:25Z,1,0.01802451333813987
05:26Z,1,0.01802451333813987
05:36Z,1,0.01802451333813987
05:37Z,1,0.01802451333813987
05:39Z,1,0.01802451333813987
05:43Z,1,0.01802451333813987
05:44Z,1,0.01802451333813987
05:45Z,1,0.01802451333813987
05:46Z,1,0.01802451333813987
05:48Z,1,0.01802451333813987
05:59Z,1,0.01802451333813987
06:00Z,1,0.01802451333813987
06:15Z,1,0.01802451333813987
06:16Z,1,0.01802451333813987
06:18Z,1,0.01802451333813987
06:20Z,1,0.01802451333813987
06:21Z,1,0.01802451333813987
06:25Z,1,0.01802451333813987
06:29Z,1,0.01802451333813987
06:34Z,1,0.01802451333813987
06:45Z,1,0.01802451333813987
06:51Z,1,0.01802451333813987
06:55Z,1,0.01802451333813987
06:59Z,1,0.01802451333813987
07:02Z,1,0.01802451333813987
07:04Z,1,0.01802451333813987
07:14Z,1,0.01802451333813987
07:15Z,1,0.01802451333813987
07:17Z,1,0.01802451333813987
07:18Z,1,0.01802451333813987
07:19Z,1,0.01802451333813987
07:24Z,1,0.01802451333813987
07:29Z,1,0.01802451333813987
07:30Z,1,0.01802451333813987
07:32Z,1,0.01802451333813987
07:38Z,1,0.01802451333813987
07:54Z,1,0.01802451333813987
08:01Z,1,0.01802451333813987
08:06Z,1,0.01802451333813987
08:07Z,1,0.01802451333813987
08:14Z,1,0.01802451333813987
08:15Z,1,0.01802451333813987
08:25Z,1,0.01802451333813987
08:26Z,1,0.01802451333813987
08:28Z,1,0.01802451333813987
08:29Z,1,0.01802451333813987
08:31Z,1,0.01802451333813987
08:32Z,1,0.01802451333813987
08:35Z,1,0.01802451333813987
08:38Z,1,0.01802451333813987
08:39Z,1,0.01802451333813987
08:41Z,1,0.01802451333813987
08:42Z,1,0.01802451333813987
08:43Z,1,0.01802451333813987
08:44Z,1,0.01802451333813987
08:51Z,1,0.01802451333813987
08:53Z,1,0.01802451333813987
08:57Z,1,0.01802451333813987
09:01Z,1,0.01802451333813987
09:08Z,1,0.01802451333813987
09:14Z,1,0.01802451333813987
09:22Z,1,0.01802451333813987
09:23Z,1,0.01802451333813987
09:28Z,1,0.01802451333813987
09:33Z,1,0.01802451333813987
09:34Z,1,0.01802451333813987
09:36Z,1,0.01802451333813987
09:44Z,1,0.01802451333813987
09:46Z,1,0.01802451333813987
09:47Z,1,0.01802451333813987
09:50Z,1,0.01802451333813987
09:52Z,1,0.01802451333813987
09:53Z,1,0.01802451333813987
10:00Z,1,0.01802451333813987
10:01Z,1,0.01802451333813987
10:06Z,1,0.01802451333813987
10:09Z,1,0.01802451333813987
10:12Z,1,0.01802451333813987
10:22Z,1,0.01802451333813987
10:23Z,1,0.01802451333813987
10:28Z,1,0.01802451333813987
10:29Z,1,0.01802451333813987
10:34Z,1,0.01802451333813987
10:40Z,1,0.01802451333813987
10:42Z,1,0.01802451333813987
10:43Z,1,0.01802451333813987
10:45Z,1,0.01802451333813987
10:48Z,1,0.01802451333813987
10:50Z,1,0.01802451333813987
10:52Z,1,0.01802451333813987
10:56Z,1,0.01802451333813987
11:04Z,1,0.01802451333813987
11:10Z,1,0.01802451333813987
11:11Z,1,0.01802451333813987
11:12Z,1,0.01802451333813987
11:19Z,1,0.01802451333813987
11:20Z,1,0.01802451333813987
11:40Z,1,0.01802451333813987
11:42Z,1,0.01802451333813987
11:44Z,1,0.01802451333813987
11:45Z,1,0.01802451333813987
11:50Z,1,0.01802451333813987
11:52Z,1,0.01802451333813987
11:53Z,1,0.01802451333813987
12:01Z,1,0.01802451333813987
12:03Z,1,0.01802451333813987
12:12Z,1,0.01802451333813987
12:20Z,1,0.01802451333813987
12:23Z,1,0.01802451333813987
12:24Z,1,0.01802451333813987
12:31Z,1,0.01802451333813987
12:34Z,1,0.01802451333813987
12:37Z,1,0.01802451333813987
12:43Z,1,0.01802451333813987
12:55Z,1,0.01802451333813987
13:01Z,1,0.01802451333813987
13:04Z,1,0.01802451333813987
13:05Z,1,0.01802451333813987
13:10Z,1,0.01802451333813987
13:14Z,1,0.01802451333813987
13:15Z,1,0.01802451333813987
13:18Z,1,0.01802451333813987
13:35Z,1,0.01802451333813987
13:43Z,1,0.01802451333813987
14:12Z,1,0.01802451333813987
14:15Z,1,0.01802451333813987
14:17Z,1,0.01802451333813987
14:18Z,1,0.01802451333813987
14:19Z,1,0.01802451333813987
14:21Z,1,0.01802451333813987
14:22Z,1,0.01802451333813987
14:25Z,1,0.01802451333813987
14:30Z,1,0.01802451333813987
14:35Z,1,0.01802451333813987
14:36Z,1,0.01802451333813987
14:42Z,1,0.01802451333813987
14:47Z,1,0.01802451333813987
14:51Z,1,0.01802451333813987
14:53Z,1,0.01802451333813987
14:57Z,1,0.01802451333813987
15:01Z,1,0.01802451333813987
15:04Z,1,0.01802451333813987
15:06Z,1,0.01802451333813987
15:07Z,1,0.01802451333813987
15:09Z,1,0.01802451333813987
15:32Z,1,0.01802451333813987
15:34Z,1,0.01802451333813987
15:37Z,1,0.01802451333813987
15:48Z,1,0.01802451333813987
16:30Z,1,0.01802451333813987
17:01Z,1,0.01802451333813987
17:04Z,1,0.01802451333813987
17:10Z,1,0.01802451333813987
17:14Z,1,0.01802451333813987
17:17Z,1,0.01802451333813987
17:18Z,1,0.01802451333813987
17:28Z,1,0.01802451333813987
17:29Z,1,0.01802451333813987
17:30Z,1,0.01802451333813987
17:33Z,1,0.01802451333813987
17:34Z,1,0.01802451333813987
17:36Z,1,0.01802451333813987
17:38Z,1,0.01802451333813987
17:39Z,1,0.01802451333813987
17:40Z,1,0.01802451333813987
17:43Z,1,0.01802451333813987
17:44Z,1,0.01802451333813987
17:47Z,1,0.01802451333813987
17:50Z,1,0.01802451333813987
17:51Z,1,0.01802451333813987
17:52Z,1,0.01802451333813987
17:56Z,1,0.01802451333813987
17:57Z,1,0.01802451333813987
18:06Z,1,0.01802451333813987
18:07Z,1,0.01802451333813987
18:08Z,1,0.01802451333813987
18:10Z,1,0.01802451333813987
18:12Z,1,0.01802451333813987
18:13Z,1,0.01802451333813987
18:14Z,1,0.01802451333813987
18:17Z,1,0.01802451333813987
18:18Z,1,0.01802451333813987
18:21Z,1,0.01802451333813987
18:23Z,1,0.01802451333813987
18:24Z,1,0.01802451333813987
18:29Z,1,0.01802451333813987
18:30Z,1,0.01802451333813987
18:33Z,1,0.01802451333813987
18:34Z,1,0.01802451333813987
18:35Z,1,0.01802451333813987
18:36Z,1,0.01802451333813987
18:39Z,1,0.01802451333813987
18:40Z,1,0.01802451333813987
18:44Z,1,0.01802451333813987
18:45Z,1,0.01802451333813987
18:46Z,1,0.01802451333813987
18:47Z,1,0.01802451333813987
18:48Z,1,0.01802451333813987
18:52Z,1,0.01802451333813987
18:53Z,1,0.01802451333813987
18:58Z,1,0.01802451333813987
19:00Z,1,0.01802451333813987
19:02Z,1,0.01802451333813987
19:05Z,1,0.01802451333813987
19:06Z,1,0.01802451333813987
19:08Z,1,0.01802451333813987
19:09Z,1,0.01802451333813987
19:13Z,1,0.01802451333813987
19:16Z,1,0.01802451333813987
19:18Z,1,0.01802451333813987
19:19Z,1,0.01802451333813987
19:25Z,1,0.01802451333813987
19:33Z,1,0.01802451333813987
19:34Z,1,0.01802451333813987
19:37Z,1,0.01802451333813987
19:39Z,1,0.01802451333813987
19:44Z,1,0.01802451333813987
19:45Z,1,0.01802451333813987
19:48Z,1,0.01802451333813987
19:51Z,1,0.01802451333813987
19:54Z,1,0.01802451333813987
19:55Z,1,0.01802451333813987
19:56Z,1,0.01802451333813987
20:01Z,1,0.01802451333813987
20:06Z,1,0.01802451333813987
20:07Z,1,0.01802451333813987
20:11Z,1,0.01802451333813987
20:18Z,1,0.01802451333813987
20:20Z,1,0.01802451333813987
20:21Z,1,0.01802451333813987
20:22Z,1,0.01802451333813987
20:23Z,1,0.01802451333813987
20:24Z,1,0.01802451333813987
20:26Z,1,0.01802451333813987
20:27Z,1,0.01802451333813987
20:30Z,1,0.01802451333813987
20:36Z,1,0.01802451333813987
20:39Z,1,0.01802451333813987
20:41Z,1,0.01802451333813987
20:45Z,1,0.01802451333813987
20:48Z,1,0.01802451333813987
20:50Z,1,0.01802451333813987
20:55Z,1,0.01802451333813987
20:56Z,1,0.01802451333813987
20:57Z,1,0.01802451333813987
20:58Z,1,0.01802451333813987
20:59Z,1,0.01802451333813987
21:07Z,1,0.01802451333813987
21:08Z,1,0.01802451333813987
21:11Z,1,0.01802451333813987
21:14Z,1,0.01802451333813987
21:17Z,1,0.01802451333813987
21:19Z,1,0.01802451333813987
21:24Z,1,0.01802451333813987
21:29Z,1,0.01802451333813987
21:30Z,1,0.01802451333813987
21:34Z,1,0.01802451333813987
21:38Z,1,0.01802451333813987
21:40Z,1,0.01802451333813987
21:44Z,1,0.01802451333813987
21:45Z,1,0.01802451333813987
21:46Z,1,0.01802451333813987
21:52Z,1,0.01802451333813987
21:56Z,1,0.01802451333813987
22:02Z,1,0.01802451333813987
22:08Z,1,0.01802451333813987
22:17Z,1,0.01802451333813987
22:20Z,1,0.01802451333813987
22:28Z,1,0.01802451333813987
22:30Z,1,0.01802451333813987
22:32Z,1,0.01802451333813987
22:33Z,1,0.01802451333813987
22:35Z,1,0.01802451333813987
22:40Z,1,0.01802451333813987
22:43Z,1,0.01802451333813987
22:44Z,1,0.01802451333813987
22:47Z,1,0.01802451333813987
22:53Z,1,0.01802451333813987
22:55Z,1,0.01802451333813987
22:57Z,1,0.01802451333813987
22:58Z,1,0.01802451333813987
23:02Z,1,0.01802451333813987
23:05Z,1,0.01802451333813987
23:07Z,1,0.01802451333813987
23:09Z,1,0.01802451333813987
23:11Z,1,0.01802451333813987
23:18Z,1,0.01802451333813987
23:22Z,1,0.01802451333813987
23:23Z,1,0.01802451333813987
23:25Z,1,0.01802451333813987
23:26Z,1,0.01802451333813987
23:35Z,1,0.01802451333813987
23:37Z,1,0.01802451333813987
23:42Z,1,0.01802451333813987
23:43Z,1,0.01802451333813987
23:44Z,1,0.01802451333813987
23:49Z,1,0.01802451333813987
23:54Z,1,0.01802451333813987
23:56Z,1,0.01802451333813987
23:58Z,1,0.01802451333813987
24:00Z,1,0.01802451333813987
24:03Z,1,0.01802451333813987
24:13Z,1,0.01802451333813987
24:15Z,1,0.01802451333813987
24:19Z,1,0.01802451333813987
24:22Z,1,0.01802451333813987
24:28Z,1,0.01802451333813987
24:34Z,1,0.01802451333813987
24:35Z,1,0.01802451333813987
24:45Z,1,0.01802451333813987
24:48Z,1,0.01802451333813987
24:50Z,1,0.01802451333813987
25:02Z,1,0.01802451333813987
25:08Z,1,0.01802451333813987
25:11Z,1,0.01802451333813987
25:23Z,1,0.01802451333813987
25:34Z,1,0.01802451333813987
25:39Z,1,0.01802451333813987
25:43Z,1,0.01802451333813987
25:47Z,1,0.01802451333813987
25:49Z,1,0.01802451333813987
25:50Z,1,0.01802451333813987
25:53Z,1,0.01802451333813987
25:58Z,1,0.01802451333813987
26:08Z,1,0.01802451333813987
26:18Z,1,0.01802451333813987
26:19Z,1,0.01802451333813987
26:21Z,1,0.01802451333813987
26:26Z,1,0.01802451333813987
26:28Z,1,0.01802451333813987
26:29Z,1,0.01802451333813987
26:30Z,1,0.01802451333813987
26:32Z,1,0.01802451333813987
26:33Z,1,0.01802451333813987
26:39Z,1,0.01802451333813987
26:42Z,1,0.01802451333813987
26:43Z,1,0.01802451333813987
26:50Z,1,0.01802451333813987
26:52Z,1,0.01802451333813987
26:56Z,1,0.01802451333813987
27:02Z,1,0.01802451333813987
27:03Z,1,0.01802451333813987
27:05Z,1,0.01802451333813987
27:07Z,1,0.01802451333813987
27:17Z,1,0.01802451333813987
27:25Z,1,0.01802451333813987
27:29Z,1,0.01802451333813987
27:30Z,1,0.01802451333813987
27:33Z,1,0.01802451333813987
27:37Z,1,0.01802451333813987
27:38Z,1,0.01802451333813987
27:39Z,1,0.01802451333813987
27:40Z,1,0.01802451333813987
27:48Z,1,0.01802451333813987
27:53Z,1,0.01802451333813987
27:55Z,1,0.01802451333813987
28:00Z,1,0.01802451333813987
28:01Z,1,0.01802451333813987
28:02Z,1,0.01802451333813987
28:03Z,1,0.01802451333813987
28:15Z,1,0.01802451333813987
28:22Z,1,0.01802451333813987
28:23Z,1,0.01802451333813987
28:24Z,1,0.01802451333813987
28:25Z,1,0.01802451333813987
28:26Z,1,0.01802451333813987
28:27Z,1,0.01802451333813987
28:33Z,1,0.01802451333813987
28:37Z,1,0.01802451333813987
28:39Z,1,0.01802451333813987
28:45Z,1,0.01802451333813987
28:46Z,1,0.01802451333813987
28:47Z,1,0.01802451333813987
28:48Z,1,0.01802451333813987
28:56Z,1,0.01802451333813987
28:59Z,1,0.01802451333813987
29:06Z,1,0.01802451333813987
29:08Z,1,0.01802451333813987
29:11Z,1,0.01802451333813987
29:12Z,1,0.01802451333813987
29:13Z,1,0.01802451333813987
29:14Z,1,0.01802451333813987
29:16Z,1,0.01802451333813987
29:21Z,1,0.01802451333813987
29:23Z,1,0.01802451333813987
29:24Z,1,0.01802451333813987
29:38Z,1,0.01802451333813987
29:44Z,1,0.01802451333813987
29:49Z,1,0.01802451333813987
29:50Z,1,0.01802451333813987
29:55Z,1,0.01802451333813987
29:57Z,1,0.01802451333813987
29:58Z,1,0.01802451333813987
30:04Z,1,0.01802451333813987
30:05Z,1,0.01802451333813987
30:08Z,1,0.01802451333813987
30:11Z,1,0.01802451333813987
30:14Z,1,0.01802451333813987
30:18Z,1,0.01802451333813987
30:20Z,1,0.01802451333813987
30:21Z,1,0.01802451333813987
30:29Z,1,0.01802451333813987
30:30Z,1,0.01802451333813987
30:36Z,1,0.01802451333813987
30:38Z,1,0.01802451333813987
30:42Z,1,0.01802451333813987
30:43Z,1,0.01802451333813987
30:45Z,1,0.01802451333813987
30:50Z,1,0.01802451333813987
30:53Z,1,0.01802451333813987
30:54Z,1,0.01802451333813987
31:01Z,1,0.01802451333813987
31:03Z,1,0.01802451333813987
31:12Z,1,0.01802451333813987
31:15Z,1,0.01802451333813987
31:20Z,1,0.01802451333813987
31:28Z,1,0.01802451333813987
31:34Z,1,0.01802451333813987
31:35Z,1,0.01802451333813987
31:45Z,1,0.01802451333813987
31:46Z,1,0.01802451333813987
31:47Z,1,0.01802451333813987
31:51Z,1,0.01802451333813987
31:58Z,1,0.01802451333813987
32:00Z,1,0.01802451333813987
32:02Z,1,0.01802451333813987
32:06Z,1,0.01802451333813987
32:18Z,1,0.01802451333813987
32:19Z,1,0.01802451333813987
32:23Z,1,0.01802451333813987
32:24Z,1,0.01802451333813987
32:25Z,1,0.01802451333813987
32:29Z,1,0.01802451333813987
32:37Z,1,0.01802451333813987
32:40Z,1,0.01802451333813987
32:41Z,1,0.01802451333813987
32:46Z,1,0.01802451333813987
32:47Z,1,0.01802451333813987
32:55Z,1,0.01802451333813987
32:56Z,1,0.01802451333813987
33:01Z,1,0.01802451333813987
33:02Z,1,0.01802451333813987
33:05Z,1,0.01802451333813987
33:07Z,1,0.01802451333813987
33:11Z,1,0.01802451333813987
33:17Z,1,0.01802451333813987
33:20Z,1,0.01802451333813987
33:21Z,1,0.01802451333813987
33:33Z,1,0.01802451333813987
33:35Z,1,0.01802451333813987
33:44Z,1,0.01802451333813987
33:49Z,1,0.01802451333813987
33:53Z,1,0.01802451333813987
33:55Z,1,0.01802451333813987
33:56Z,1,0.01802451333813987
33:58Z,1,0.01802451333813987
33:59Z,1,0.01802451333813987
34:01Z,1,0.01802451333813987
34:02Z,1,0.01802451333813987
34:05Z,1,0.01802451333813987
34:07Z,1,0.01802451333813987
34:08Z,1,0.01802451333813987
34:12Z,1,0.01802451333813987
34:17Z,1,0.01802451333813987
34:18Z,1,0.01802451333813987
34:21Z,1,0.01802451333813987
34:27Z,1,0.01802451333813987
34:28Z,1,0.01802451333813987
34:31Z,1,0.01802451333813987
34:32Z,1,0.01802451333813987
34:37Z,1,0.01802451333813987
34:41Z,1,0.01802451333813987
34:45Z,1,0.01802451333813987
34:49Z,1,0.01802451333813987
34:54Z,1,0.01802451333813987
34:56Z,1,0.01802451333813987
34:59Z,1,0.01802451333813987
35:03Z,1,0.01802451333813987
35:04Z,1,0.01802451333813987
35:05Z,1,0.01802451333813987
35:09Z,1,0.01802451333813987
35:11Z,1,0.01802451333813987
35:18Z,1,0.01802451333813987
35:20Z,1,0.01802451333813987
35:24Z,1,0.01802451333813987
35:25Z,1,0.01802451333813987
35:29Z,1,0.01802451333813987
35:36Z,1,0.01802451333813987
35:46Z,1,0.01802451333813987
35:48Z,1,0.01802451333813987
36:00Z,1,0.01802451333813987
36:06Z,1,0.01802451333813987
36:10Z,1,0.01802451333813987
36:11Z,1,0.01802451333813987
36:12Z,1,0.01802451333813987
36:14Z,1,0.01802451333813987
36:17Z,1,0.01802451333813987
36:20Z,1,0.01802451333813987
36:22Z,1,0.01802451333813987
36:23Z,1,0.01802451333813987
36:27Z,1,0.01802451333813987
36:32Z,1,0.01802451333813987
36:36Z,1,0.01802451333813987
36:37Z,1,0.01802451333813987
36:38Z,1,0.01802451333813987
36:39Z,1,0.01802451333813987
36:48Z,1,0.01802451333813987
36:55Z,1,0.01802451333813987
37:05Z,1,0.01802451333813987
37:06Z,1,0.01802451333813987
37:13Z,1,0.01802451333813987
37:20Z,1,0.01802451333813987
37:26Z,1,0.01802451333813987
37:29Z,1,0.01802451333813987
37:30Z,1,0.01802451333813987
37:34Z,1,0.01802451333813987
37:39Z,1,0.01802451333813987
37:53Z,1,0.01802451333813987
37:58Z,1,0.01802451333813987
37:59Z,1,0.01802451333813987
38:00Z,1,0.01802451333813987
38:03Z,1,0.01802451333813987
38:04Z,1,0.01802451333813987
38:09Z,1,0.01802451333813987
38:20Z,1,0.01802451333813987
38:23Z,1,0.01802451333813987
38:35Z,1,0.01802451333813987
38:39Z,1,0.01802451333813987
38:42Z,1,0.01802451333813987
38:43Z,1,0.01802451333813987
38:50Z,1,0.01802451333813987
38:56Z,1,0.01802451333813987
38:58Z,1,0.01802451333813987
38:59Z,1,0.01802451333813987
39:02Z,1,0.01802451333813987
39:03Z,1,0.01802451333813987
39:05Z,1,0.01802451333813987
39:06Z,1,0.01802451333813987
39:09Z,1,0.01802451333813987
39:14Z,1,0.01802451333813987
39:15Z,1,0.01802451333813987
39:19Z,1,0.01802451333813987
39:23Z,1,0.01802451333813987
39:25Z,1,0.01802451333813987
39:29Z,1,0.01802451333813987
39:30Z,1,0.01802451333813987
39:40Z,1,0.01802451333813987
39:41Z,1,0.01802451333813987
39:44Z,1,0.01802451333813987
39:47Z,1,0.01802451333813987
40:05Z,1,0.01802451333813987
40:08Z,1,0.01802451333813987
40:09Z,1,0.01802451333813987
40:11Z,1,0.01802451333813987
40:12Z,1,0.01802451333813987
40:14Z,1,0.01802451333813987
40:17Z,1,0.01802451333813987
40:19Z,1,0.01802451333813987
40:20Z,1,0.01802451333813987
40:24Z,1,0.01802451333813987
40:30Z,1,0.01802451333813987
40:42Z,1,0.01802451333813987
40:44Z,1,0.01802451333813987
40:47Z,1,0.01802451333813987
40:48Z,1,0.01802451333813987
40:50Z,1,0.01802451333813987
40:53Z,1,0.01802451333813987
40:54Z,1,0.01802451333813987
41:05Z,1,0.01802451333813987
41:06Z,1,0.01802451333813987
41:09Z,1,0.01802451333813987
41:12Z,1,0.01802451333813987
41:17Z,1,0.01802451333813987
41:26Z,1,0.01802451333813987
41:27Z,1,0.01802451333813987
41:30Z,1,0.01802451333813987
41:37Z,1,0.01802451333813987
41:43Z,1,0.01802451333813987
41:50Z,1,0.01802451333813987
41:51Z,1,0.01802451333813987
41:52Z,1,0.01802451333813987
42:01Z,1,0.01802451333813987
42:02Z,1,0.01802451333813987
42:03Z,1,0.01802451333813987
42:06Z,1,0.01802451333813987
42:07Z,1,0.01802451333813987
42:09Z,1,0.01802451333813987
42:12Z,1,0.01802451333813987
42:19Z,1,0.01802451333813987
42:21Z,1,0.01802451333813987
42:24Z,1,0.01802451333813987
42:26Z,1,0.01802451333813987
42:31Z,1,0.01802451333813987
42:33Z,1,0.01802451333813987
42:34Z,1,0.01802451333813987
42:36Z,1,0.01802451333813987
42:40Z,1,0.01802451333813987
42:43Z,1,0.01802451333813987
42:46Z,1,0.01802451333813987
42:47Z,1,0.01802451333813987
42:49Z,1,0.01802451333813987
42:51Z,1,0.01802451333813987
42:52Z,1,0.01802451333813987
42:56Z,1,0.01802451333813987
43:02Z,1,0.01802451333813987
43:04Z,1,0.01802451333813987
43:16Z,1,0.01802451333813987
43:23Z,1,0.01802451333813987
43:26Z,1,0.01802451333813987
43:29Z,1,0.01802451333813987
43:31Z,1,0.01802451333813987
43:32Z,1,0.01802451333813987
43:33Z,1,0.01802451333813987
43:35Z,1,0.01802451333813987
43:36Z,1,0.01802451333813987
43:37Z,1,0.01802451333813987
43:39Z,1,0.01802451333813987
43:40Z,1,0.01802451333813987
43:46Z,1,0.01802451333813987
43:52Z,1,0.01802451333813987
43:53Z,1,0.01802451333813987
43:54Z,1,0.01802451333813987
43:56Z,1,0.01802451333813987
43:58Z,1,0.01802451333813987
44:02Z,1,0.01802451333813987
44:03Z,1,0.01802451333813987
44:13Z,1,0.01802451333813987
44:19Z,1,0.01802451333813987
44:20Z,1,0.01802451333813987
44:21Z,1,0.01802451333813987
44:22Z,1,0.01802451333813987
44:24Z,1,0.01802451333813987
44:25Z,1,0.01802451333813987
44:27Z,1,0.01802451333813987
44:28Z,1,0.01802451333813987
44:30Z,1,0.01802451333813987
44:32Z,1,0.01802451333813987
44:39Z,1,0.01802451333813987
44:40Z,1,0.01802451333813987
44:43Z,1,0.01802451333813987
44:46Z,1,0.01802451333813987
44:57Z,1,0.01802451333813987
45:00Z,1,0.01802451333813987
45:01Z,1,0.01802451333813987
45:17Z,1,0.01802451333813987
45:19Z,1,0.01802451333813987
45:22Z,1,0.01802451333813987
45:23Z,1,0.01802451333813987
45:30Z,1,0.01802451333813987
45:32Z,1,0.01802451333813987
45:35Z,1,0.01802451333813987
45:36Z,1,0.01802451333813987
45:39Z,1,0.01802451333813987
45:59Z,1,0.01802451333813987
46:03Z,1,0.01802451333813987
46:06Z,1,0.01802451333813987
46:08Z,1,0.01802451333813987
46:09Z,1,0.01802451333813987
46:10Z,1,0.01802451333813987
46:12Z,1,0.01802451333813987
46:23Z,1,0.01802451333813987
46:25Z,1,0.01802451333813987
46:27Z,1,0.01802451333813987
46:35Z,1,0.01802451333813987
46:38Z,1,0.01802451333813987
46:40Z,1,0.01802451333813987
46:41Z,1,0.01802451333813987
46:49Z,1,0.01802451333813987
46:52Z,1,0.01802451333813987
46:54Z,1,0.01802451333813987
47:02Z,1,0.01802451333813987
47:07Z,1,0.01802451333813987
47:11Z,1,0.01802451333813987
47:13Z,1,0.01802451333813987
47:14Z,1,0.01802451333813987
47:16Z,1,0.01802451333813987
47:17Z,1,0.01802451333813987
47:20Z,1,0.01802451333813987
47:21Z,1,0.01802451333813987
47:26Z,1,0.01802451333813987
47:28Z,1,0.01802451333813987
47:29Z,1,0.01802451333813987
47:30Z,1,0.01802451333813987
47:35Z,1,0.01802451333813987
47:39Z,1,0.01802451333813987
47:45Z,1,0.01802451333813987
47:47Z,1,0.01802451333813987
47:48Z,1,0.01802451333813987
47:52Z,1,0.01802451333813987
47:55Z,1,0.01802451333813987
47:56Z,1,0.01802451333813987
48:05Z,1,0.01802451333813987
48:13Z,1,0.01802451333813987
48:14Z,1,0.01802451333813987
48:16Z,1,0.01802451333813987
48:19Z,1,0.01802451333813987
48:21Z,1,0.01802451333813987
48:26Z,1,0.01802451333813987
48:34Z,1,0.01802451333813987
48:36Z,1,0.01802451333813987
48:41Z,1,0.01802451333813987
48:44Z,1,0.01802451333813987
48:47Z,1,0.01802451333813987
48:49Z,1,0.01802451333813987
48:52Z,1,0.01802451333813987
48:53Z,1,0.01802451333813987
48:56Z,1,0.01802451333813987
48:58Z,1,0.01802451333813987
48:59Z,1,0.01802451333813987
49:02Z,1,0.01802451333813987
49:12Z,1,0.01802451333813987
49:14Z,1,0.01802451333813987
49:15Z,1,0.01802451333813987
49:19Z,1,0.01802451333813987
49:23Z,1,0.01802451333813987
49:25Z,1,0.01802451333813987
49:27Z,1,0.01802451333813987
49:33Z,1,0.01802451333813987
49:37Z,1,0.01802451333813987
49:43Z,1,0.01802451333813987
49:44Z,1,0.01802451333813987
49:46Z,1,0.01802451333813987
49:48Z,1,0.01802451333813987
49:49Z,1,0.01802451333813987
49:50Z,1,0.01802451333813987
49:53Z,1,0.01802451333813987
49:56Z,1,0.01802451333813987
49:57Z,1,0.01802451333813987
50:02Z,1,0.01802451333813987
50:03Z,1,0.01802451333813987
50:04Z,1,0.01802451333813987
50:07Z,1,0.01802451333813987
50:10Z,1,0.01802451333813987
50:11Z,1,0.01802451333813987
50:12Z,1,0.01802451333813987
50:13Z,1,0.01802451333813987
50:17Z,1,0.01802451333813987
50:18Z,1,0.01802451333813987
50:25Z,1,0.01802451333813987
50:31Z,1,0.01802451333813987
50:32Z,1,0.01802451333813987
50:33Z,1,0.01802451333813987
50:34Z,1,0.01802451333813987
50:37Z,1,0.01802451333813987
50:39Z,1,0.01802451333813987
50:48Z,1,0.01802451333813987
50:49Z,1,0.01802451333813987
50:50Z,1,0.01802451333813987
50:51Z,1,0.01802451333813987
50:55Z,1,0.01802451333813987
51:04Z,1,0.01802451333813987
51:13Z,1,0.01802451333813987
51:19Z,1,0.01802451333813987
51:21Z,1,0.01802451333813987
51:25Z,1,0.01802451333813987
51:26Z,1,0.01802451333813987
51:29Z,1,0.01802451333813987
51:33Z,1,0.01802451333813987
51:34Z,1,0.01802451333813987
51:35Z,1,0.01802451333813987
51:37Z,1,0.01802451333813987
51:40Z,1,0.01802451333813987
51:41Z,1,0.01802451333813987
51:43Z,1,0.01802451333813987
51:44Z,1,0.01802451333813987
51:45Z,1,0.01802451333813987
51:47Z,1,0.01802451333813987
51:51Z,1,0.01802451333813987
51:52Z,1,0.01802451333813987
51:54Z,1,0.01802451333813987
51:55Z,1,0.01802451333813987
51:58Z,1,0.01802451333813987
51:59Z,1,0.01802451333813987
52:02Z,1,0.01802451333813987
52:03Z,1,0.01802451333813987
52:11Z,1,0.01802451333813987
52:15Z,1,0.01802451333813987
52:17Z,1,0.01802451333813987
52:22Z,1,0.01802451333813987
52:25Z,1,0.01802451333813987
52:27Z,1,0.01802451333813987
52:30Z,1,0.01802451333813987
52:31Z,1,0.01802451333813987
52:37Z,1,0.01802451333813987
52:42Z,1,0.01802451333813987
52:45Z,1,0.01802451333813987
52:46Z,1,0.01802451333813987
52:55Z,1,0.01802451333813987
52:57Z,1,0.01802451333813987
52:58Z,1,0.01802451333813987
52:59Z,1,0.01802451333813987
53:03Z,1,0.01802451333813987
53:07Z,1,0.01802451333813987
53:12Z,1,0.01802451333813987
53:13Z,1,0.01802451333813987
53:17Z,1,0.01802451333813987
53:23Z,1,0.01802451333813987
53:24Z,1,0.01802451333813987
53:28Z,1,0.01802451333813987
53:32Z,1,0.01802451333813987
53:34Z,1,0.01802451333813987
53:35Z,1,0.01802451333813987
53:37Z,1,0.01802451333813987
53:44Z,1,0.01802451333813987
53:46Z,1,0.01802451333813987
53:51Z,1,0.01802451333813987
53:57Z,1,0.01802451333813987
53:59Z,1,0.01802451333813987
54:00Z,1,0.01802451333813987
54:07Z,1,0.01802451333813987
54:09Z,1,0.01802451333813987
54:14Z,1,0.01802451333813987
54:17Z,1,0.01802451333813987
54:19Z,1,0.01802451333813987
54:20Z,1,0.01802451333813987
54:21Z,1,0.01802451333813987
54:23Z,1,0.01802451333813987
54:26Z,1,0.01802451333813987
54:28Z,1,0.01802451333813987
54:36Z,1,0.01802451333813987
54:37Z,1,0.01802451333813987
54:38Z,1,0.01802451333813987
54:39Z,1,0.01802451333813987
54:40Z,1,0.01802451333813987
54:43Z,1,0.01802451333813987
54:44Z,1,0.01802451333813987
54:46Z,1,0.01802451333813987
54:54Z,1,0.01802451333813987
54:55Z,1,0.01802451333813987
54:57Z,1,0.01802451333813987
55:01Z,1,0.01802451333813987
55:07Z,1,0.01802451333813987
55:10Z,1,0.01802451333813987
55:11Z,1,0.01802451333813987
55:12Z,1,0.01802451333813987
55:14Z,1,0.01802451333813987
55:16Z,1,0.01802451333813987
55:18Z,1,0.01802451333813987
55:21Z,1,0.01802451333813987
55:23Z,1,0.01802451333813987
55:28Z,1,0.01802451333813987
55:30Z,1,0.01802451333813987
55:31Z,1,0.01802451333813987
55:35Z,1,0.01802451333813987
55:37Z,1,0.01802451333813987
55:48Z,1,0.01802451333813987
55:53Z,1,0.01802451333813987
55:55Z,1,0.01802451333813987
55:58Z,1,0.01802451333813987
56:00Z,1,0.01802451333813987
56:07Z,1,0.01802451333813987
56:09Z,1,0.01802451333813987
56:11Z,1,0.01802451333813987
56:15Z,1,0.01802451333813987
56:17Z,1,0.01802451333813987
56:19Z,1,0.01802451333813987
56:22Z,1,0.01802451333813987
56:25Z,1,0.01802451333813987
56:30Z,1,0.01802451333813987
56:31Z,1,0.01802451333813987
56:32Z,1,0.01802451333813987
56:35Z,1,0.01802451333813987
56:38Z,1,0.01802451333813987
56:42Z,1,0.01802451333813987
56:48Z,1,0.01802451333813987
56:50Z,1,0.01802451333813987
56:53Z,1,0.01802451333813987
56:54Z,1,0.01802451333813987
56:56Z,1,0.01802451333813987
57:00Z,1,0.01802451333813987
57:02Z,1,0.01802451333813987
57:03Z,1,0.01802451333813987
57:10Z,1,0.01802451333813987
57:11Z,1,0.01802451333813987
57:12Z,1,0.01802451333813987
57:15Z,1,0.01802451333813987
57:17Z,1,0.01802451333813987
57:24Z,1,0.01802451333813987
57:29Z,1,0.01802451333813987
57:30Z,1,0.01802451333813987
57:34Z,1,0.01802451333813987
57:36Z,1,0.01802451333813987
57:38Z,1,0.01802451333813987
57:40Z,1,0.01802451333813987
57:50Z,1,0.01802451333813987
57:52Z,1,0.01802451333813987
58:02Z,1,0.01802451333813987
58:03Z,1,0.01802451333813987
58:09Z,1,0.01802451333813987
58:14Z,1,0.01802451333813987
58:15Z,1,0.01802451333813987
58:27Z,1,0.01802451333813987
58:31Z,1,0.01802451333813987
58:33Z,1,0.01802451333813987
58:35Z,1,0.01802451333813987
58:43Z,1,0.01802451333813987
58:46Z,1,0.01802451333813987
58:47Z,1,0.01802451333813987
58:50Z,1,0.01802451333813987
58:56Z,1,0.01802451333813987
59:00Z,1,0.01802451333813987
59:04Z,1,0.01802451333813987
59:10Z,1,0.01802451333813987
59:13Z,1,0.01802451333813987
59:16Z,1,0.01802451333813987
59:19Z,1,0.01802451333813987
59:21Z,1,0.01802451333813987
59:28Z,1,0.01802451333813987
59:38Z,1,0.01802451333813987
59:40Z,1,0.01802451333813987
59:49Z,1,0.01802451333813987
59:50Z,1,0.01802451333813987
59:55Z,1,0.01802451333813987
59:58Z,1,0.01802451333813987
